scenario_id,realisation_id,schedule_id,t_s,q_kg_s,dp_bh_Pa,r_plume_m,r_plume_m95_m,mass_in_place_kg,mass_out_kg,mean_sg
R0000_S+00,0,0,0.0,7.800269251104289,0.0,0.0,0.0,0.0,0.0,0.0
R0000_S+00,0,0,7889400.0,7.800269251104289,815629.85635381,139.53250024882252,126.50312571146155,61539444.22966204,0.0,0.0006084750488885506
R0000_S+00,0,0,15778800.0,7.800269251104289,1491561.81199361,195.32259039158777,179.04672748151904,123078888.45932442,0.0,0.00120858999544878
R0000_S+00,0,0,23668200.0,7.800269251104289,2164276.092215933,240.1610311175736,218.58281342357256,184618332.68898678,0.0,0.0018005239064460502
R0000_S+00,0,0,31557600.0,7.800269251104289,2833168.5420483276,273.4204867752334,252.15013592286206,246157776.9186494,0.0,0.002384495274893197
R0000_S+00,0,0,39447000.0,7.800269251104289,3498104.444123883,305.0794363053655,281.46379838243763,307697221.14831185,0.0,0.002960721552588304
R0000_S+00,0,0,47336400.0,7.993542293288172,4179065.408642594,336.6609049632017,308.84510642352257,370761473.7169789,0.0,0.0035433680555744503
R0000_S+00,0,0,55225800.0,7.993542293288172,4852327.801362406,365.1232249921768,328.99123061093104,433825726.2856465,0.0,0.004118360304679171
R0000_S+00,0,0,63115200.0,7.993542293288172,5521764.339790169,383.2589283432872,354.960429258653,496889978.85431457,0.0,0.004685860941108503
R0000_S+00,0,0,71004600.0,7.993542293288172,6187325.13883701,413.3341406608298,375.97410091431914,559954231.4229825,0.0,0.0052460760462653645
R0000_S+00,0,0,78894000.0,7.993542293288172,6849076.145130925,427.60263581715395,396.1760310140383,623018483.9916506,0.0,0.005799199699361558
R0000_S+00,0,0,86783400.0,7.762123356259539,7483527.021691602,454.7892584458952,410.3287282600246,684256979.998525,0.0,0.00632976725428035
R0000_S+00,0,0,94672800.0,7.762123356259539,8119248.599369504,470.4745927257377,433.55687815974926,745495476.005401,0.0,0.006853908619480668
R0000_S+00,0,0,102562200.0,7.762123356259539,8751439.26705464,481.6803125226783,447.2853288770559,806733972.012275,0.0,0.007371868928813039
R0000_S+00,0,0,110451600.0,7.762123356259539,9380559.01586381,509.7672129163098,461.41967656267576,867972468.0191491,0.0,0.007883771564607917
R0000_S+00,0,0,118341000.0,7.762123356259539,10006534.208464976,523.519656431144,481.91482887349514,929210964.0260224,0.0,0.00838977058044433
R0000_S+00,0,0,126230400.0,7.106012440018389,10563027.51114963,532.3630879057142,493.7083548764509,985273138.5703051,0.0,0.008848184679335387
R0000_S+00,0,0,134119800.0,7.106012440018389,11130518.898438968,545.7048355046667,503.84905667080847,1041335313.1145859,0.0,0.009301653258597692
R0000_S+00,0,0,142009200.0,7.106012440018389,11695696.470093276,569.5036091187145,516.4758012770341,1097397487.6588626,0.0,0.009750479918090934
R0000_S+00,0,0,149898600.0,7.106012440018389,12258400.036448669,581.2707445639405,533.8815722855239,1153459662.2031434,0.0,0.010194778908385516
R0000_S+00,0,0,157788000.0,7.106012440018389,12818640.160598993,589.4529811425056,545.3851402714495,1209521836.7474275,0.0,0.010634647786736473
R0000_S+00,0,0,165677400.0,0.0,12666949.21181896,589.500235364711,545.4580165005912,1209521836.7474275,0.0,0.010637330027227682
R0000_S+00,0,0,173566800.0,0.0,12666949.211810432,589.5002353647122,545.4580165006134,1209521836.7474275,0.0,0.010637330027228512
R0000_S+00,0,0,181456200.0,0.0,12666949.211810429,589.5002353647122,545.4580165006134,1209521836.7474275,0.0,0.010637330027228512
R0000_S+00,0,0,189345600.0,0.0,12666949.211810429,589.5002353647122,545.4580165006134,1209521836.7474275,0.0,0.010637330027228512
R0000_S+00,0,0,197235000.0,0.0,12666949.211810429,589.5002353647122,545.4580165006134,1209521836.7474275,0.0,0.010637330027228512
R0000_S+00,0,0,205124400.0,0.0,12666949.211810429,589.5002353647122,545.4580165006134,1209521836.7474275,0.0,0.010637330027228512
R0000_S+00,0,0,213013800.0,0.0,12666949.211810429,589.5002353647122,545.4580165006134,1209521836.7474275,0.0,0.010637330027228512
R0000_S+00,0,0,220903200.0,0.0,12666949.211810429,589.5002353647122,545.4580165006134,1209521836.7474275,0.0,0.010637330027228512
R0000_S+00,0,0,228792600.0,0.0,12666949.211810429,589.5002353647122,545.4580165006134,1209521836.7474275,0.0,0.010637330027228512
R0000_S+00,0,0,236682000.0,0.0,12666949.211810429,589.5002353647122,545.4580165006134,1209521836.7474275,0.0,0.010637330027228512
R0000_S+00,0,0,244571400.0,0.0,12666949.211810429,589.5002353647122,545.4580165006134,1209521836.7474275,0.0,0.010637330027228512
R0000_S+00,0,0,252460800.0,0.0,12666949.211810429,589.5002353647122,545.4580165006134,1209521836.7474275,0.0,0.010637330027228512
R0000_S+00,0,0,260350200.0,0.0,12666949.211810429,589.5002353647122,545.4580165006134,1209521836.7474275,0.0,0.010637330027228512
R0000_S+00,0,0,268239600.0,0.0,12666949.211810429,589.5002353647122,545.4580165006134,1209521836.7474275,0.0,0.010637330027228512
R0000_S+00,0,0,276129000.0,0.0,12666949.211810429,589.5002353647122,545.4580165006134,1209521836.7474275,0.0,0.010637330027228512
R0000_S+00,0,0,284018400.0,0.0,12666949.211810429,589.5002353647122,545.4580165006134,1209521836.7474275,0.0,0.010637330027228512
R0000_S+00,0,0,291907800.0,0.0,12666949.211810429,589.5002353647122,545.4580165006134,1209521836.7474275,0.0,0.010637330027228512
R0000_S+00,0,0,299797200.0,0.0,12666949.211810429,589.5002353647122,545.4580165006134,1209521836.7474275,0.0,0.010637330027228512
R0000_S+00,0,0,307686600.0,0.0,12666949.211810429,589.5002353647122,545.4580165006134,1209521836.7474275,0.0,0.010637330027228512
R0000_S+00,0,0,315576000.0,0.0,12666949.211810429,589.5002353647122,545.4580165006134,1209521836.7474275,0.0,0.010637330027228512
R0036_S+03,36,3,0.0,0.3902545671825643,0.0,0.0,0.0,0.0,0.0,0.0
R0036_S+03,36,3,7889400.0,0.3902545671825643,534552.8673414681,22.592670535233083,19.413339702747628,3078874.382330126,0.0,2.7997431053991563e-05
R0036_S+03,36,3,15778800.0,0.3902545671825643,544090.3199946303,31.251183218693345,27.24748825679282,6157748.764660264,0.0,5.598892057909016e-05
R0036_S+03,36,3,23668200.0,0.3902545671825643,567275.5166602693,38.3636330835304,33.077240697827015,9236623.14699038,0.0,8.39660748189971e-05
R0036_S+03,36,3,31557600.0,0.3902545671825643,594956.833349634,43.23763687923297,38.31690076603954,12315497.529320505,0.0,0.00011192708010980093
R0036_S+03,36,3,39447000.0,0.3902545671825643,625023.6389485523,48.067660552449674,42.63631991968914,15394371.91165062,0.0,0.00013987117009923642
R0036_S+03,36,3,47336400.0,0.5981717632896729,921981.4573047254,56.52938530338134,48.47348316231595,20113588.22094818,0.0,0.00018240865474592377
R0036_S+03,36,3,55225800.0,0.5981717632896729,974768.9925432932,62.434234519125475,53.69717134550692,24832804.53024573,0.0,0.00022511005208379934
R0036_S+03,36,3,63115200.0,0.5981717632896729,1025542.3092798386,65.92142995079085,58.45787830625127,29552020.839543264,0.0,0.0002677727470943303
R0036_S+03,36,3,71004600.0,0.5981717632896729,1075613.550164368,72.13894736313361,62.266074809927716,34271237.1488408,0.0,0.00031039734028063745
R0036_S+03,36,3,78894000.0,0.5981717632896729,1126259.4190482274,77.76287799252005,66.63308139057243,38990453.45813834,0.0,0.0003529803298598439
R0036_S+03,36,3,86783400.0,0.7775037875086421,1411857.7112818658,81.06253799406309,71.5741010659657,45124491.83930906,0.0,0.0004078182596443774
R0036_S+03,36,3,94672800.0,0.7775037875086421,1480661.6404851303,88.36709950813987,75.76942860131865,51258530.22047972,0.0,0.0004629815031841827
R0036_S+03,36,3,102562200.0,0.7775037875086421,1548591.334604634,90.58894392442032,80.45277595357435,57392568.60165042,0.0,0.000518076059060051
R0036_S+03,36,3,110451600.0,0.7775037875086421,1615629.29384825,98.02495799623753,84.01838667884266,63526606.98282109,0.0,0.0005731061112342208
R0036_S+03,36,3,118341000.0,0.7775037875086421,1682960.841264747,99.93272882619976,88.11172439248851,69660645.3639918,0.0,0.0006280658186463239
R0036_S+03,36,3,126230400.0,0.9282506398394724,1951109.8102073,107.80649746568098,92.2516400359079,76983985.96194132,0.0,0.000693011258371962
R0036_S+03,36,3,134119800.0,0.9282506398394724,2034422.4172108397,110.35316645449423,96.0267639120027,84307326.55989087,0.0,0.0007583823931763089
R0036_S+03,36,3,142009200.0,0.9282506398394724,2115461.570305366,115.78259883996861,100.53214999230339,91630667.15784043,0.0,0.0008236679821518235
R0036_S+03,36,3,149898600.0,0.9282506398394724,2196575.657709703,121.009070631232,103.85854475866371,98954007.75578992,0.0,0.0008888551237682615
R0036_S+03,36,3,157788000.0,0.9282506398394724,2276701.69329983,122.82625667982064,107.4678375068125,106277348.3537395,0.0,0.0009539557677899393
R0036_S+03,36,3,165677400.0,0.0,1162648.971087873,122.94138383431451,107.80599987661,106277348.3537395,0.0,0.0009586204847464013
R0036_S+03,36,3,173566800.0,0.0,1147037.8351467364,122.94352621545153,107.81205604326246,106277348.3537395,0.0,0.0009587840801278761
R0036_S+03,36,3,181456200.0,0.0,1144271.5816037133,122.94374135396184,107.812581769373,106277348.3537395,0.0,0.0009588141814720894
R0036_S+03,36,3,189345600.0,0.0,1143679.7583115883,122.94376458475489,107.81261009196639,106277348.3537395,0.0,0.0009588208019510073
R0036_S+03,36,3,197235000.0,0.0,1143550.5187682267,122.94376691247875,107.81260501764943,106277348.35373949,0.0,0.0009588222753525953
R0036_S+03,36,3,205124400.0,0.0,1143517.0467320476,122.94376718695905,107.81260220485463,106277348.3537395,0.0,0.0009588226612544227
R0036_S+03,36,3,213013800.0,0.0,1143507.9958273545,122.94376721755198,107.81260122086537,106277348.3537395,0.0,0.0009588227663951405
R0036_S+03,36,3,220903200.0,0.0,1143506.4744661525,122.94376721876377,107.81260103178327,106277348.3537395,0.0,0.000958822784193686
R0036_S+03,36,3,228792600.0,0.0,1143506.1094801687,122.94376721888216,107.8126009850525,106277348.3537395,0.0,0.0009588227884771129
R0036_S+03,36,3,236682000.0,0.0,1143505.983660249,122.943767218901,107.81260096874269,106277348.3537395,0.0,0.0009588227899554939
R0036_S+03,36,3,244571400.0,0.0,1143505.9572833553,122.94376721890211,107.81260096528852,106277348.35373951,0.0,0.0009588227902660087
R0036_S+03,36,3,252460800.0,0.0,1143505.9514935203,122.9437672189022,107.81260096452696,106277348.35373951,0.0,0.0009588227903342476
R0036_S+03,36,3,260350200.0,0.0,1143505.9500551969,122.9437672189022,107.8126009643372,106277348.3537395,0.0,0.0009588227903512159
R0036_S+03,36,3,268239600.0,0.0,1143505.9495860282,122.9437672189022,107.81260096427535,106277348.3537395,0.0,0.0009588227903567509
R0036_S+03,36,3,276129000.0,0.0,1143505.9494827874,122.9437672189022,107.81260096426168,106277348.3537395,0.0,0.00095882279035797
R0036_S+03,36,3,284018400.0,0.0,1143505.9494549744,122.9437672189022,107.81260096425808,106277348.3537395,0.0,0.0009588227903582984
R0036_S+03,36,3,291907800.0,0.0,1143505.9494477455,122.9437672189022,107.81260096425711,106277348.3537395,0.0,0.0009588227903583838
R0036_S+03,36,3,299797200.0,0.0,1143505.9494457413,122.9437672189022,107.81260096425684,106277348.35373951,0.0,0.0009588227903584074
R0036_S+03,36,3,307686600.0,0.0,1143505.9494452346,122.9437672189022,107.81260096425675,106277348.35373951,0.0,0.0009588227903584134
R0036_S+03,36,3,315576000.0,0.0,1143505.9494450707,122.9437672189022,107.81260096425672,106277348.35373951,0.0,0.0009588227903584153
R0070_S+02,70,2,0.0,1.817254321520594,0.0,0.0,0.0,0.0,0.0,0.0
R0070_S+02,70,2,7889400.0,1.817254321520594,256297.68350394815,55.6751223092328,50.179559708479545,14337046.244204573,0.0,7.584123070220214e-05
R0070_S+02,70,2,15778800.0,1.817254321520594,338500.3437125776,77.93523001264366,70.37722004921807,28674092.48840901,0.0,0.00015156126454830672
R0070_S+02,70,2,23668200.0,1.817254321520594,422512.417361062,96.38872253359091,85.50659962179147,43011138.73261367,0.0,0.00022715428349395482
R0070_S+02,70,2,31557600.0,1.817254321520594,507810.6243935246,109.13122187236188,98.97205120100983,57348184.97681822,0.0,0.0003026161877047531
R0070_S+02,70,2,39447000.0,1.817254321520594,592653.271820832,121.85740805484025,110.55080179149785,71685231.22102287,0.0,0.00037795046834023606
R0070_S+02,70,2,47336400.0,2.3379571643819363,751418.6623366587,136.383829165194,123.8948589909078,90130310.47369769,0.0,0.0004745617306402903
R0070_S+02,70,2,55225800.0,2.3379571643819363,861005.0105056874,151.13720668803654,135.56668021235166,108575389.72637254,0.0,0.0005710580827085546
R0070_S+02,70,2,63115200.0,2.3379571643819363,970522.7083066739,164.09774283124653,144.9387407024506,127020468.97904739,0.0,0.0006673423430480428
R0070_S+02,70,2,71004600.0,2.3379571643819363,1080583.2649681978,171.44207674170136,156.85112835965188,145465548.23172224,0.0,0.0007634103762121464
R0070_S+02,70,2,78894000.0,2.3379571643819363,1189517.2728240434,186.05661703411317,163.88272914029952,163910627.48439717,0.0,0.0008592748581026322
R0070_S+02,70,2,86783400.0,2.9183094252372377,1383754.39317099,192.89131622372565,177.1134882054364,186934337.86386374,0.0,0.0009783916481341285
R0070_S+02,70,2,94672800.0,2.9183094252372377,1520152.070258541,209.86374893666297,186.64276976693253,209958048.24333012,0.0,0.0010974079595689728
R0070_S+02,70,2,102562200.0,2.9183094252372377,1657693.9583129846,215.3419725220583,197.72894092749465,232981758.62279683,0.0,0.001216084887798605
R0070_S+02,70,2,110451600.0,2.9183094252372377,1793484.3068523183,231.38893912367075,204.6108375254606,256005469.0022633,0.0,0.0013344576454493316
R0070_S+02,70,2,118341000.0,2.9183094252372377,1930184.4170011654,238.2574953747028,217.15813591354808,279029179.3817301,0.0,0.0014524955484959685
R0070_S+02,70,2,126230400.0,3.558311104086497,2162042.190671593,246.60712952485838,225.1393310937007,307102119.00631016,0.0,0.0015956085269229097
R0070_S+02,70,2,134119800.0,3.558311104086497,2328160.0926174074,263.5538496448931,236.53359515333926,335175058.63089037,0.0,0.001738615337206825
R0070_S+02,70,2,142009200.0,3.558311104086497,2495254.864776954,268.72701501312036,246.67592984014084,363247998.2554699,0.0,0.001881128196937561
R0070_S+02,70,2,149898600.0,3.558311104086497,2660340.4252264835,280.92452966611796,253.29326808363888,391320937.88005006,0.0,0.00202320714654536
R0070_S+02,70,2,157788000.0,3.558311104086497,2825416.7655305713,294.2960573223242,263.8584802479878,419393877.50463,0.0,0.0021648219425156397
R0070_S+02,70,2,165677400.0,0.0,2453095.192235496,294.42361131840335,264.1870542445518,419393877.50463,0.0,0.002167537233750563
R0070_S+02,70,2,173566800.0,0.0,2453086.518339075,294.42361408434545,264.1870775665789,419393877.50463,0.0,0.0021675374487089946
R0070_S+02,70,2,181456200.0,0.0,2453086.5048136376,294.4236140858349,264.1870776033661,419393877.50463,0.0,0.0021675374490625807
R0070_S+02,70,2,189345600.0,0.0,2453086.50465009,294.4236140858433,264.1870776038107,419393877.50463,0.0,0.002167537449066919
R0070_S+02,70,2,197235000.0,0.0,2453086.50464816,294.4236140858433,264.18707760381636,419393877.5046301,0.0,0.002167537449066974
R0070_S+02,70,2,205124400.0,0.0,2453086.504648138,294.4236140858433,264.1870776038165,419393877.50463,0.0,0.0021675374490669743
R0070_S+02,70,2,213013800.0,0.0,2453086.504648138,294.4236140858433,264.1870776038165,419393877.50463,0.0,0.0021675374490669743
R0070_S+02,70,2,220903200.0,0.0,2453086.504648138,294.4236140858433,264.1870776038165,419393877.50463,0.0,0.0021675374490669743
R0070_S+02,70,2,228792600.0,0.0,2453086.504648138,294.4236140858433,264.1870776038165,419393877.50463,0.0,0.0021675374490669743
R0070_S+02,70,2,236682000.0,0.0,2453086.504648138,294.4236140858433,264.1870776038165,419393877.50463,0.0,0.0021675374490669743
R0070_S+02,70,2,244571400.0,0.0,2453086.504648138,294.4236140858433,264.1870776038165,419393877.50463,0.0,0.0021675374490669743
R0070_S+02,70,2,252460800.0,0.0,2453086.504648138,294.4236140858433,264.1870776038165,419393877.50463,0.0,0.0021675374490669743
R0070_S+02,70,2,260350200.0,0.0,2453086.504648138,294.4236140858433,264.1870776038165,419393877.50463,0.0,0.0021675374490669743
R0070_S+02,70,2,268239600.0,0.0,2453086.504648138,294.4236140858433,264.1870776038165,419393877.50463,0.0,0.0021675374490669743
R0070_S+02,70,2,276129000.0,0.0,2453086.504648138,294.4236140858433,264.1870776038165,419393877.50463,0.0,0.0021675374490669743
R0070_S+02,70,2,284018400.0,0.0,2453086.504648138,294.4236140858433,264.1870776038165,419393877.50463,0.0,0.0021675374490669743
R0070_S+02,70,2,291907800.0,0.0,2453086.504648138,294.4236140858433,264.1870776038165,419393877.50463,0.0,0.0021675374490669743
R0070_S+02,70,2,299797200.0,0.0,2453086.504648138,294.4236140858433,264.1870776038165,419393877.50463,0.0,0.0021675374490669743
R0070_S+02,70,2,307686600.0,0.0,2453086.504648138,294.4236140858433,264.1870776038165,419393877.50463,0.0,0.0021675374490669743
R0070_S+02,70,2,315576000.0,0.0,2453086.504648138,294.4236140858433,264.1870776038165,419393877.50463,0.0,0.0021675374490669743
R0093_S+01,93,1,0.0,3.9217462015436952,0.0,0.0,0.0,0.0,0.0,0.0
R0093_S+01,93,1,7889400.0,3.9217462015436952,398009.6248854492,74.18507709364452,67.05602425392506,30940224.48245892,0.0,0.00011340851942799132
R0093_S+01,93,1,15778800.0,3.9217462015436952,638748.346517643,98.71627320667511,86.829095562119,61880448.96491752,0.0,0.00022631731347963352
R0093_S+01,93,1,23668200.0,3.9217462015436952,832437.0282555632,113.15511445223314,99.09476828924913,92820673.44737631,0.0,0.00033890230449346216
R0093_S+01,93,1,31557600.0,3.9217462015436952,1000031.390692519,125.17661771339385,108.53508674849735,123760897.92983475,0.0,0.00045121101775323885
R0093_S+01,93,1,39447000.0,3.9217462015436952,1152969.4087327737,135.24657660652838,116.52912680536897,154701122.4122934,0.0,0.0005632521229203948
R0093_S+01,93,1,47336400.0,2.087011690173562,1129092.7576204017,135.27721463533555,115.42261761786644,171166392.44074854,0.0,0.0006232407259842229
R0093_S+01,93,1,55225800.0,2.087011690173562,1153870.3032776657,136.70226765912264,115.69266412906222,187631662.46920392,0.0,0.0006829858955020131
R0093_S+01,93,1,63115200.0,2.087011690173562,1197642.2160279192,138.73591277554524,117.68996409431386,204096932.49765974,0.0,0.0007425697550279296
R0093_S+01,93,1,71004600.0,2.087011690173562,1252190.9176548515,140.59029455995483,120.0760481493493,220562202.52611566,0.0,0.0008020242156723154
R0093_S+01,93,1,78894000.0,2.087011690173562,1312637.045035148,142.5130252594337,122.31083759037072,237027472.55457082,0.0,0.000861372762156717
R0093_S+01,93,1,86783400.0,1.0121573386706673,1228136.4439793974,142.51562506846423,122.8019029473632,245012786.66227922,0.0,0.0008905696481470953
R0093_S+01,93,1,94672800.0,1.0121573386706673,1272046.5419904925,142.51562506846423,123.91368111248835,252998100.7699877,0.0,0.0009193722446040654
R0093_S+01,93,1,102562200.0,1.0121573386706673,1304476.6793912686,142.55479885532878,125.2786162343846,260983414.87769657,0.0,0.00094817545405523
R0093_S+01,93,1,110451600.0,1.0121573386706673,1318043.0227610767,142.96738365909442,126.7945843061927,268968728.9854046,0.0,0.0009769950871547754
R0093_S+01,93,1,118341000.0,1.0121573386706673,1338785.5608697087,143.69895330887178,128.2334600487052,276954043.0931131,0.0,0.0010057567979727326
R0093_S+01,93,1,126230400.0,0.6971831470350113,1335596.3599684518,143.71768622534802,128.8622464793917,282454399.8133311,0.0,0.001025663024071228
R0093_S+01,93,1,134119800.0,0.6971831470350113,1343204.2649926953,144.7497821665533,129.54657792057927,287954756.5335487,0.0,0.0010455034784712684
R0093_S+01,93,1,142009200.0,0.6971831470350113,1355930.719259074,146.44543227873567,130.26548298290115,293455113.25376785,0.0,0.001065306178344904
R0093_S+01,93,1,149898600.0,0.6971831470350113,1371616.7234378308,148.204988979352,130.99550778248988,298955469.9739852,0.0,0.0010850822560666952
R0093_S+01,93,1,157788000.0,0.6971831470350113,1389096.8735522367,149.7881583857741,131.73120390007978,304455826.6942028,0.0,0.0011048376243738068
R0093_S+01,93,1,165677400.0,0.0,1377370.0450454932,149.7900485298518,131.74360402979826,304455826.69420284,0.0,0.0011055201531810603
R0093_S+01,93,1,173566800.0,0.0,1377268.3696648218,149.790048529864,131.74354625907932,304455826.6942028,0.0,0.001105540937812336
R0093_S+01,93,1,181456200.0,0.0,1377258.1058091484,149.790048529864,131.74353297078372,304455826.6942028,0.0,0.001105543149191866
R0093_S+01,93,1,189345600.0,0.0,1377256.446240019,149.790048529864,131.74353067886844,304455826.6942028,0.0,0.0011055435090101002
R0093_S+01,93,1,197235000.0,0.0,1377255.9961538222,149.790048529864,131.74353004863448,304455826.6942028,0.0,0.0011055436066560002
R0093_S+01,93,1,205124400.0,0.0,1377255.9413730577,149.790048529864,131.74352997143353,304455826.6942028,0.0,0.0011055436185473022
R0093_S+01,93,1,213013800.0,0.0,1377255.9347899277,149.790048529864,131.7435299621465,304455826.6942028,0.0,0.001105543619976845
R0093_S+01,93,1,220903200.0,0.0,1377255.9336374104,149.790048529864,131.74352996052025,304455826.6942028,0.0,0.001105543620227147
R0093_S+01,93,1,228792600.0,0.0,1377255.9334235508,149.790048529864,131.74352996021852,304455826.6942028,0.0,0.0011055436202735847
R0093_S+01,93,1,236682000.0,0.0,1377255.9333870728,149.790048529864,131.74352996016702,304455826.6942028,0.0,0.0011055436202815074
R0093_S+01,93,1,244571400.0,0.0,1377255.9333794732,149.790048529864,131.7435299601563,304455826.6942028,0.0,0.0011055436202831576
R0093_S+01,93,1,252460800.0,0.0,1377255.9333782904,149.790048529864,131.74352996015466,304455826.6942028,0.0,0.0011055436202834145
R0093_S+01,93,1,260350200.0,0.0,1377255.9333781302,149.790048529864,131.74352996015443,304455826.6942028,0.0,0.00110554362028345
R0093_S+01,93,1,268239600.0,0.0,1377255.9333780948,149.790048529864,131.74352996015435,304455826.6942028,0.0,0.0011055436202834575
R0093_S+01,93,1,276129000.0,0.0,1377255.9333780892,149.790048529864,131.74352996015435,304455826.6942028,0.0,0.0011055436202834586
R0093_S+01,93,1,284018400.0,0.0,1377255.9333780892,149.790048529864,131.74352996015435,304455826.6942028,0.0,0.0011055436202834586
R0093_S+01,93,1,291907800.0,0.0,1377255.9333780892,149.790048529864,131.74352996015435,304455826.6942028,0.0,0.0011055436202834588
R0093_S+01,93,1,299797200.0,0.0,1377255.9333780892,149.790048529864,131.74352996015435,304455826.6942028,0.0,0.0011055436202834588
R0093_S+01,93,1,307686600.0,0.0,1377255.9333780892,149.790048529864,131.74352996015435,304455826.6942028,0.0,0.0011055436202834588
R0093_S+01,93,1,315576000.0,0.0,1377255.9333780892,149.790048529864,131.74352996015435,304455826.6942028,0.0,0.0011055436202834588
R0119_S+00,119,0,0.0,0.2382796657741913,0.0,0.0,0.0,0.0,0.0,0.0
R0119_S+00,119,0,7889400.0,0.2382796657741913,42204.28938052431,20.22397242990076,17.744804038407818,1879883.5951590266,0.0,1.6023105999637723e-05
R0119_S+00,119,0,15778800.0,0.2382796657741913,61722.883289003745,27.64464170541385,24.342522946893435,3759767.190318441,0.0,3.203965964544235e-05
R0119_S+00,119,0,23668200.0,0.2382796657741913,81229.69610567018,33.389118989172324,29.442459838243625,5639650.785477243,0.0,4.8049779200069756e-05
R0119_S+00,119,0,31557600.0,0.2382796657741913,100420.08628430404,37.73450483852296,33.617483466599815,7519534.380636371,0.0,6.405367422172923e-05
R0119_S+00,119,0,39447000.0,0.2382796657741913,119317.58122580871,41.7581354730546,37.16467357985939,9399417.975795817,0.0,8.00514993542771e-05
R0119_S+00,119,0,47336400.0,0.4605473087457683,173185.58729579858,48.10215047067603,43.82432963722415,13032859.913415248,0.0,0.00011093852221946277
R0119_S+00,119,0,55225800.0,0.4605473087457683,210468.02480787784,54.91959673490484,49.22039162874571,16666301.851033561,0.0,0.00014181289616466174
R0119_S+00,119,0,63115200.0,0.4605473087457683,246931.29333326966,59.24495897763319,54.1006831884673,20299743.78865218,0.0,0.00017266511277905233
R0119_S+00,119,0,71004600.0,0.4605473087457683,282998.70236998424,64.53986896602623,58.54860284366702,23933185.726270713,0.0,0.00020349524973735703
R0119_S+00,119,0,78894000.0,0.4605473087457683,318524.66114338115,69.71191029953869,62.021239340838235,27566627.66388973,0.0,0.00023430389567308967
R0119_S+00,119,0,86783400.0,0.937349366135769,426729.0013220925,78.70156321235956,70.26925469469268,34961751.75308147,0.0,0.0002968551334228836
R0119_S+00,119,0,94672800.0,0.937349366135769,502202.03036120906,86.71744124981657,77.0087772601096,42356875.842272736,0.0,0.00035937032791663696
R0119_S+00,119,0,102562200.0,0.937349366135769,576147.6043384578,93.2616903264938,83.62574756290883,49751999.93146396,0.0,0.0004217962694364602
R0119_S+00,119,0,110451600.0,0.937349366135769,649144.0854714494,98.65693076602014,89.70717743549679,57147124.02065566,0.0,0.00048413311085382794
R0119_S+00,119,0,118341000.0,0.937349366135769,721197.606506601,105.83803329403601,94.30011793290423,64542248.1098472,0.0,0.0005463826326388711
R0119_S+00,119,0,126230400.0,1.6686858379441936,902084.7322028838,116.45558278105608,103.8378830443046,77707178.15972394,0.0,0.0006567244095831435
R0119_S+00,119,0,134119800.0,1.6686858379441936,1034945.9319889005,123.44190332206013,112.6612242720647,90872108.20960058,0.0,0.0007669582988848627
R0119_S+00,119,0,142009200.0,1.6686858379441936,1165479.1496879626,133.51080973867036,120.09614180795158,104037038.25947763,0.0,0.0008769174358945526
R0119_S+00,119,0,149898600.0,1.6686858379441936,1294115.7328138072,140.81186590953845,127.06489440898066,117201968.30935453,0.0,0.0009866055999105284
R0119_S+00,119,0,157788000.0,1.6686858379441936,1421536.8842817396,148.42611059253886,133.8147765229136,130366898.3592311,0.0,0.0010960220641533592
R0119_S+00,119,0,165677400.0,0.0,1322852.2362229787,148.44993144662152,133.86248965814875,130366898.35923108,0.0,0.001097144445696522
R0119_S+00,119,0,173566800.0,0.0,1322717.2355480231,148.44993148946546,133.862413957036,130366898.3592311,0.0,0.0010971511454315997
R0119_S+00,119,0,181456200.0,0.0,1322714.3314114138,148.44993148946548,133.86241231013182,130366898.35923108,0.0,0.001097151289964612
R0119_S+00,119,0,189345600.0,0.0,1322714.2481326368,148.44993148946548,133.86241226286472,130366898.35923108,0.0,0.0010971512941127719
R0119_S+00,119,0,197235000.0,0.0,1322714.2420717496,148.44993148946548,133.86241225942513,130366898.35923108,0.0,0.0010971512944146335
R0119_S+00,119,0,205124400.0,0.0,1322714.241647739,148.44993148946548,133.86241225918448,130366898.35923108,0.0,0.001097151294435754
R0119_S+00,119,0,213013800.0,0.0,1322714.2416158356,148.44993148946548,133.8624122591664,130366898.35923108,0.0,0.0010971512944373423
R0119_S+00,119,0,220903200.0,0.0,1322714.2416136637,148.44993148946548,133.86241225916518,130366898.35923108,0.0,0.001097151294437451
R0119_S+00,119,0,228792600.0,0.0,1322714.2416134812,148.44993148946548,133.862412259165,130366898.35923108,0.0,0.0010971512944374605
R0119_S+00,119,0,236682000.0,0.0,1322714.2416134737,148.44993148946548,133.862412259165,130366898.35923108,0.0,0.0010971512944374607
R0119_S+00,119,0,244571400.0,0.0,1322714.2416134682,148.44993148946548,133.862412259165,130366898.35923108,0.0,0.0010971512944374607
R0119_S+00,119,0,252460800.0,0.0,1322714.2416134682,148.44993148946548,133.862412259165,130366898.35923108,0.0,0.0010971512944374607
R0119_S+00,119,0,260350200.0,0.0,1322714.2416134682,148.44993148946548,133.862412259165,130366898.35923108,0.0,0.0010971512944374607
R0119_S+00,119,0,268239600.0,0.0,1322714.2416134682,148.44993148946548,133.862412259165,130366898.35923108,0.0,0.0010971512944374607
R0119_S+00,119,0,276129000.0,0.0,1322714.2416134682,148.44993148946548,133.862412259165,130366898.35923108,0.0,0.0010971512944374607
R0119_S+00,119,0,284018400.0,0.0,1322714.2416134682,148.44993148946548,133.862412259165,130366898.35923108,0.0,0.0010971512944374607
R0119_S+00,119,0,291907800.0,0.0,1322714.2416134682,148.44993148946548,133.862412259165,130366898.35923108,0.0,0.0010971512944374607
R0119_S+00,119,0,299797200.0,0.0,1322714.2416134682,148.44993148946548,133.862412259165,130366898.35923108,0.0,0.0010971512944374607
R0119_S+00,119,0,307686600.0,0.0,1322714.2416134682,148.44993148946548,133.862412259165,130366898.35923108,0.0,0.0010971512944374607
R0119_S+00,119,0,315576000.0,0.0,1322714.2416134682,148.44993148946548,133.862412259165,130366898.35923108,0.0,0.0010971512944374607
R0148_S+03,148,3,0.0,3.668848626152848,0.0,0.0,0.0,0.0,0.0,0.0
R0148_S+03,148,3,7889400.0,3.668848626152848,612759.837921055,75.23222646876198,66.15979866382864,28945014.35117022,0.0,0.00040913533659418675
R0148_S+03,148,3,15778800.0,3.668848626152848,1071275.9722903986,103.83687642054218,93.21502854176622,57890028.702340394,0.0,0.0008144957909009174
R0148_S+03,148,3,23668200.0,3.668848626152848,1527096.748561971,126.88829176257983,113.24934311136134,86835043.05351071,0.0,0.0012161195315286
R0148_S+03,148,3,31557600.0,3.668848626152848,1981263.5637510493,143.3334997800504,131.62909015676212,115780057.40468082,0.0,0.0016140601622120084
R0148_S+03,148,3,39447000.0,3.668848626152848,2433341.312008232,159.37053781763734,146.775133685764,144725071.75585115,0.0,0.0020083879545963767
R0148_S+03,148,3,47336400.0,3.3548926489295705,2830270.4669406377,174.8398800994736,159.84692161616653,171193161.8203162,0.0,0.002365988860313346
R0148_S+03,148,3,55225800.0,3.3548926489295705,3239759.3905763924,189.5638253137458,169.1546691487256,197661251.88478106,0.0,0.002720569646859762
R0148_S+03,148,3,63115200.0,3.3548926489295705,3648254.356865369,196.5677444915668,181.68016582042355,224129341.94924605,0.0,0.003072266551347819
R0148_S+03,148,3,71004600.0,3.3548926489295705,4054778.7628545687,212.3883213278421,191.5943355090167,250597432.01371107,0.0,0.003421158000787822
R0148_S+03,148,3,78894000.0,3.3548926489295705,4460204.097112525,217.93699973846725,201.56005082416155,277065522.07817626,0.0,0.0037672585037881495
R0148_S+03,148,3,86783400.0,2.7567394210370013,4761839.9690491855,231.09242839245542,207.32843365921468,298814542.06650543,0.0,0.004049959374457306
R0148_S+03,148,3,94672800.0,2.7567394210370013,5092113.316642232,237.71669005805344,217.41973104763642,320563562.0548351,0.0,0.00433051251469034
R0148_S+03,148,3,102562200.0,2.7567394210370013,5421661.849189423,241.45876977929555,223.49266604660934,342312582.04316455,0.0,0.004609269329434739
R0148_S+03,148,3,110451600.0,2.7567394210370013,5750018.780328952,252.77395759487584,228.62731584510507,364061602.03149396,0.0,0.004886270728729716
R0148_S+03,148,3,118341000.0,2.7567394210370013,6077699.687657222,261.4148319835364,236.97609044743837,385810622.0198234,0.0,0.0051615117042713024
R0148_S+03,148,3,126230400.0,1.8743889424751403,6253780.533345796,264.09838197165055,242.3681866340602,400598426.1425869,0.0,0.0053482486892076075
R0148_S+03,148,3,134119800.0,1.8743889424751403,6474681.100889012,266.31036342579233,246.07883833405043,415386230.26535046,0.0,0.005533638053730195
R0148_S+03,148,3,142009200.0,1.8743889424751403,6695570.937760636,268.6491096399119,249.25885896840293,430174034.38811374,0.0,0.005718242310292279
R0148_S+03,148,3,149898600.0,1.8743889424751403,6916097.850458413,274.975586454095,252.35224640234827,444961838.5108771,0.0,0.00590207235352601
R0148_S+03,148,3,157788000.0,1.8743889424751403,7136312.190087691,284.08190710523667,255.490770970569,459749642.63364017,0.0,0.006085127542612182
R0148_S+03,148,3,165677400.0,0.0,7042931.729915317,284.1200403015524,255.5167435699045,459749642.63364017,0.0,0.006086462996893379
R0148_S+03,148,3,173566800.0,0.0,7042931.729050975,284.1200403015664,255.5167435714539,459749642.63364017,0.0,0.006086462996975341
R0148_S+03,148,3,181456200.0,0.0,7042931.72904988,284.1200403015664,255.51674357145615,459749642.6336402,0.0,0.0060864629969754405
R0148_S+03,148,3,189345600.0,0.0,7042931.729049876,284.1200403015664,255.5167435714562,459749642.6336402,0.0,0.0060864629969754405
R0148_S+03,148,3,197235000.0,0.0,7042931.729049876,284.1200403015664,255.5167435714562,459749642.6336402,0.0,0.0060864629969754405
R0148_S+03,148,3,205124400.0,0.0,7042931.729049876,284.1200403015664,255.5167435714562,459749642.6336402,0.0,0.0060864629969754405
R0148_S+03,148,3,213013800.0,0.0,7042931.729049876,284.1200403015664,255.5167435714562,459749642.6336402,0.0,0.0060864629969754405
R0148_S+03,148,3,220903200.0,0.0,7042931.729049876,284.1200403015664,255.5167435714562,459749642.6336402,0.0,0.0060864629969754405
R0148_S+03,148,3,228792600.0,0.0,7042931.729049876,284.1200403015664,255.5167435714562,459749642.6336402,0.0,0.0060864629969754405
R0148_S+03,148,3,236682000.0,0.0,7042931.729049876,284.1200403015664,255.5167435714562,459749642.6336402,0.0,0.0060864629969754405
R0148_S+03,148,3,244571400.0,0.0,7042931.729049876,284.1200403015664,255.5167435714562,459749642.6336402,0.0,0.0060864629969754405
R0148_S+03,148,3,252460800.0,0.0,7042931.729049876,284.1200403015664,255.5167435714562,459749642.6336402,0.0,0.0060864629969754405
R0148_S+03,148,3,260350200.0,0.0,7042931.729049876,284.1200403015664,255.5167435714562,459749642.6336402,0.0,0.0060864629969754405
R0148_S+03,148,3,268239600.0,0.0,7042931.729049876,284.1200403015664,255.5167435714562,459749642.6336402,0.0,0.0060864629969754405
R0148_S+03,148,3,276129000.0,0.0,7042931.729049876,284.1200403015664,255.5167435714562,459749642.6336402,0.0,0.0060864629969754405
R0148_S+03,148,3,284018400.0,0.0,7042931.729049876,284.1200403015664,255.5167435714562,459749642.6336402,0.0,0.0060864629969754405
R0148_S+03,148,3,291907800.0,0.0,7042931.729049876,284.1200403015664,255.5167435714562,459749642.6336402,0.0,0.0060864629969754405
R0148_S+03,148,3,299797200.0,0.0,7042931.729049876,284.1200403015664,255.5167435714562,459749642.6336402,0.0,0.0060864629969754405
R0148_S+03,148,3,307686600.0,0.0,7042931.729049876,284.1200403015664,255.5167435714562,459749642.6336402,0.0,0.0060864629969754405
R0148_S+03,148,3,315576000.0,0.0,7042931.729049876,284.1200403015664,255.5167435714562,459749642.6336402,0.0,0.0060864629969754405
R0173_S+02,173,2,0.0,0.1501460208495387,0.0,0.0,0.0,0.0,0.0,0.0
R0173_S+02,173,2,7889400.0,0.1501460208495387,62635.43380296044,19.439794095136044,17.402201815393212,1184562.016890162,0.0,4.7418153543180915e-05
R0173_S+02,173,2,15778800.0,0.1501460208495387,114514.82271664217,26.749885761098785,23.832272862654904,2369124.033780466,0.0,9.478496908593471e-05
R0173_S+02,173,2,23668200.0,0.1501460208495387,166718.79419543408,32.41053721753566,28.96131987810439,3553686.0506707765,0.0,0.00014210002798580428
R0173_S+02,173,2,31557600.0,0.1501460208495387,219085.59843170643,36.63673882508591,33.72316215112408,4738248.067561589,0.0,0.00018936329199845654
R0173_S+02,173,2,39447000.0,0.1501460208495387,271504.0503922682,40.620702101449446,37.58066943049465,5922810.08445123,0.0,0.00023657485908637843
R0173_S+02,173,2,47336400.0,0.2882837331611392,379474.1627486292,48.64080218110998,44.14559488616658,8197195.768852884,0.0,0.0003270605905651171
R0173_S+02,173,2,55225800.0,0.2882837331611392,480247.6601850521,54.26671681836758,50.04066885162243,10471581.453254553,0.0,0.00041736970195841924
R0173_S+02,173,2,63115200.0,0.2882837331611392,580899.4817378372,59.829041948746095,55.22013252278817,12745967.137656389,0.0,0.0005074906937652396
R0173_S+02,173,2,71004600.0,0.2882837331611392,681489.3166278712,65.42945784126476,59.96957984133764,15020352.822057322,0.0,0.0005974241137581838
R0173_S+02,173,2,78894000.0,0.2882837331611392,782006.4399007335,70.64872397310214,63.59611791482402,17294738.50645891,0.0,0.0006871707004416592
R0173_S+02,173,2,86783400.0,0.5249176735277203,977025.4965882115,78.75491617545495,71.00650521027043,21436023.999988858,0.0,0.0008500432445632357
R0173_S+02,173,2,94672800.0,0.5249176735277203,1159797.8078395203,85.9976376771627,77.33953793727318,25577309.493518114,0.0,0.0010123568760331645
R0173_S+02,173,2,102562200.0,0.5249176735277203,1342133.079088807,90.52768784834726,83.74177770380828,29718594.987047516,0.0,0.001174064123960298
R0173_S+02,173,2,110451600.0,0.5249176735277203,1524190.3969169129,97.44338013861456,89.9575437072185,33859880.48057704,0.0,0.0013351688542487207
R0173_S+02,173,2,118341000.0,0.5249176735277203,1705867.7930934578,104.53589805770565,94.19898978371035,38001165.97410663,0.0,0.0014956774312920467
R0173_S+02,173,2,126230400.0,0.8600478419492822,2020659.281361822,112.72745857548627,102.55320299785946,44786427.41838133,0.0,0.0017572211400297916
R0173_S+02,173,2,134119800.0,0.8600478419492822,2317472.952950962,119.38946470297465,110.64634658429577,51571688.86265573,0.0,0.0020173307895106087
R0173_S+02,173,2,142009200.0,0.8600478419492822,2613161.8454861566,129.03577179952958,117.58940171573624,58356950.30693045,0.0,0.002275894177289528
R0173_S+02,173,2,149898600.0,0.8600478419492822,2908141.869843174,133.0558769731743,123.71444907205861,65142211.75120505,0.0,0.0025329234969480403
R0173_S+02,173,2,157788000.0,0.8600478419492822,3202327.550548535,142.69463567825872,130.60614622781063,71927473.19547974,0.0,0.0027884398263966037
R0173_S+02,173,2,165677400.0,0.0,3170377.2607358247,142.69892494858576,130.62468661174748,71927473.19547974,0.0,0.0027889953420975177
R0173_S+02,173,2,173566800.0,0.0,3170377.2606746145,142.69892494858576,130.62468661193626,71927473.19547974,0.0,0.002788995342103445
R0173_S+02,173,2,181456200.0,0.0,3170377.2606746145,142.69892494858576,130.62468661193626,71927473.19547974,0.0,0.002788995342103445
R0173_S+02,173,2,189345600.0,0.0,3170377.2606746145,142.69892494858576,130.62468661193626,71927473.19547974,0.0,0.002788995342103445
R0173_S+02,173,2,197235000.0,0.0,3170377.2606746145,142.69892494858576,130.62468661193626,71927473.19547974,0.0,0.002788995342103445
R0173_S+02,173,2,205124400.0,0.0,3170377.2606746145,142.69892494858576,130.62468661193626,71927473.19547974,0.0,0.002788995342103445
R0173_S+02,173,2,213013800.0,0.0,3170377.2606746145,142.69892494858576,130.62468661193626,71927473.19547974,0.0,0.002788995342103445
R0173_S+02,173,2,220903200.0,0.0,3170377.2606746145,142.69892494858576,130.62468661193626,71927473.19547974,0.0,0.002788995342103445
R0173_S+02,173,2,228792600.0,0.0,3170377.2606746145,142.69892494858576,130.62468661193626,71927473.19547974,0.0,0.002788995342103445
R0173_S+02,173,2,236682000.0,0.0,3170377.2606746145,142.69892494858576,130.62468661193626,71927473.19547974,0.0,0.002788995342103445
R0173_S+02,173,2,244571400.0,0.0,3170377.2606746145,142.69892494858576,130.62468661193626,71927473.19547974,0.0,0.002788995342103445
R0173_S+02,173,2,252460800.0,0.0,3170377.2606746145,142.69892494858576,130.62468661193626,71927473.19547974,0.0,0.002788995342103445
R0173_S+02,173,2,260350200.0,0.0,3170377.2606746145,142.69892494858576,130.62468661193626,71927473.19547974,0.0,0.002788995342103445
R0173_S+02,173,2,268239600.0,0.0,3170377.2606746145,142.69892494858576,130.62468661193626,71927473.19547974,0.0,0.002788995342103445
R0173_S+02,173,2,276129000.0,0.0,3170377.2606746145,142.69892494858576,130.62468661193626,71927473.19547974,0.0,0.002788995342103445
R0173_S+02,173,2,284018400.0,0.0,3170377.2606746145,142.69892494858576,130.62468661193626,71927473.19547974,0.0,0.002788995342103445
R0173_S+02,173,2,291907800.0,0.0,3170377.2606746145,142.69892494858576,130.62468661193626,71927473.19547974,0.0,0.002788995342103445
R0173_S+02,173,2,299797200.0,0.0,3170377.2606746145,142.69892494858576,130.62468661193626,71927473.19547974,0.0,0.002788995342103445
R0173_S+02,173,2,307686600.0,0.0,3170377.2606746145,142.69892494858576,130.62468661193626,71927473.19547974,0.0,0.002788995342103445
R0173_S+02,173,2,315576000.0,0.0,3170377.2606746145,142.69892494858576,130.62468661193626,71927473.19547974,0.0,0.002788995342103445
R0188_S+01,188,1,0.0,1.8266805477379595,0.0,0.0,0.0,0.0,0.0,0.0
R0188_S+01,188,1,7889400.0,1.8266805477379595,168593.6412955597,50.72962046133333,44.949783894428336,14411413.513324821,0.0,7.937805515268048e-05
R0188_S+01,188,1,15778800.0,1.8266805477379595,283545.3727886863,67.44659232795199,59.71935140771783,28822827.026649334,0.0,0.00015857396775016935
R0188_S+01,188,1,23668200.0,1.8266805477379595,386911.5899748467,77.90175800017072,70.73572222850898,43234240.539971456,0.0,0.00023761794523580884
R0188_S+01,188,1,31557600.0,1.8266805477379595,483548.2204476129,87.200334521818,79.234895056993,57645654.05329627,0.0,0.00031652161169611184
R0188_S+01,188,1,39447000.0,1.8266805477379595,576386.6724707168,95.63172149056155,86.62256923446978,72057067.56661978,0.0,0.0003952880458516948
R0188_S+01,188,1,47336400.0,2.7090900749571576,743552.5833227299,109.01177406023675,97.89176868324358,93430162.80398604,0.0,0.0005117116837513322
R0188_S+01,188,1,55225800.0,2.7090900749571576,887705.1180105284,118.5246688175659,107.28202313500469,114803258.04135197,0.0,0.0006278774127992015
R0188_S+01,188,1,63115200.0,2.7090900749571576,1026079.2168700974,128.70490434544374,115.18045630890408,136176353.27871907,0.0,0.0007437508586935091
R0188_S+01,188,1,71004600.0,2.7090900749571576,1160999.1534202807,138.12926974612927,122.71724127364295,157549448.51608464,0.0,0.0008593309096606758
R0188_S+01,188,1,78894000.0,2.7090900749571576,1293859.2420538217,144.10391899093457,129.90253690267696,178922543.75344867,0.0,0.0009746159889877544
R0188_S+01,188,1,86783400.0,3.073150064107323,1456582.371780863,154.84497062488398,137.32423981009381,203167853.86921507,0.0,0.0011049290532475756
R0188_S+01,188,1,94672800.0,3.073150064107323,1609699.422214862,160.5567105537223,145.21461394935724,227413163.98498535,0.0,0.0012349085660081237
R0188_S+01,188,1,102562200.0,3.073150064107323,1760133.9473078083,170.36135758788745,151.50338306805781,251658474.10075423,0.0,0.0013645211201133397
R0188_S+01,188,1,110451600.0,3.073150064107323,1909070.795921199,175.95670731944884,158.12571022700442,275903784.21652406,0.0,0.001493760046723973
R0188_S+01,188,1,118341000.0,3.073150064107323,2056851.4911823757,180.98976885795437,164.6913000405541,300149094.3322936,0.0,0.001622627283652002
R0188_S+01,188,1,126230400.0,2.918860515188454,2190975.6395265646,190.24637938363367,169.39547277190422,323177152.48082,0.0,0.001744737733069909
R0188_S+01,188,1,134119800.0,2.918860515188454,2328154.8973355107,194.7006477415901,175.24304918830057,346205210.6293471,0.0,0.0018664834762016152
R0188_S+01,188,1,142009200.0,2.918860515188454,2465868.6707415804,198.66497178329752,181.1090410150755,369233268.7778781,0.0,0.0019878795784182128
R0188_S+01,188,1,149898600.0,2.918860515188454,2603790.383925665,206.68404948286607,185.7229311222575,392261326.9264078,0.0,0.0021089382794024147
R0188_S+01,188,1,157788000.0,2.918860515188454,2741690.6871660687,212.64746287768872,189.7094162666335,415289385.0749347,0.0,0.002229661072505639
R0188_S+01,188,1,165677400.0,0.0,2716598.2617270574,212.65189478621238,189.74260042373734,415289385.0749348,0.0,0.002231843506759611
R0188_S+01,188,1,173566800.0,0.0,2716571.444316447,212.65189478621238,189.7426155544403,415289385.0749348,0.0,0.0022318557350837964
R0188_S+01,188,1,181456200.0,0.0,2716569.9507407695,212.65189478621238,189.74261565275316,415289385.0749348,0.0,0.002231856434857678
R0188_S+01,188,1,189345600.0,0.0,2716569.785108432,212.65189478621238,189.742615638062,415289385.0749348,0.0,0.0022318565127963735
R0188_S+01,188,1,197235000.0,0.0,2716569.7806688845,212.65189478621238,189.74261563731048,415289385.0749348,0.0,0.002231856514897236
R0188_S+01,188,1,205124400.0,0.0,2716569.780389607,212.65189478621238,189.74261563726049,415289385.0749348,0.0,0.0022318565150294643
R0188_S+01,188,1,213013800.0,0.0,2716569.7803718187,212.65189478621238,189.7426156372572,415289385.0749348,0.0,0.002231856515037888
R0188_S+01,188,1,220903200.0,0.0,2716569.7803707086,212.65189478621238,189.74261563725696,415289385.0749348,0.0,0.002231856515038415
R0188_S+01,188,1,228792600.0,0.0,2716569.780370634,212.65189478621238,189.74261563725696,415289385.0749348,0.0,0.002231856515038449
R0188_S+01,188,1,236682000.0,0.0,2716569.7803706266,212.65189478621238,189.742615637257,415289385.0749348,0.0,0.0022318565150384515
R0188_S+01,188,1,244571400.0,0.0,2716569.7803706266,212.65189478621238,189.742615637257,415289385.0749348,0.0,0.0022318565150384515
R0188_S+01,188,1,252460800.0,0.0,2716569.7803706266,212.65189478621238,189.742615637257,415289385.0749348,0.0,0.0022318565150384515
R0188_S+01,188,1,260350200.0,0.0,2716569.7803706266,212.65189478621238,189.742615637257,415289385.0749348,0.0,0.0022318565150384515
R0188_S+01,188,1,268239600.0,0.0,2716569.7803706266,212.65189478621238,189.742615637257,415289385.0749348,0.0,0.0022318565150384515
R0188_S+01,188,1,276129000.0,0.0,2716569.7803706266,212.65189478621238,189.742615637257,415289385.0749348,0.0,0.0022318565150384515
R0188_S+01,188,1,284018400.0,0.0,2716569.7803706266,212.65189478621238,189.742615637257,415289385.0749348,0.0,0.0022318565150384515
R0188_S+01,188,1,291907800.0,0.0,2716569.7803706266,212.65189478621238,189.742615637257,415289385.0749348,0.0,0.0022318565150384515
R0188_S+01,188,1,299797200.0,0.0,2716569.7803706266,212.65189478621238,189.742615637257,415289385.0749348,0.0,0.0022318565150384515
R0188_S+01,188,1,307686600.0,0.0,2716569.7803706266,212.65189478621238,189.742615637257,415289385.0749348,0.0,0.0022318565150384515
R0188_S+01,188,1,315576000.0,0.0,2716569.7803706266,212.65189478621238,189.742615637257,415289385.0749348,0.0,0.0022318565150384515
