set,model,target,phase,mean,std,count
shift_lowk,lstm,dp_bh_MPa,all,1.7885533299958034,0.05451497616756472,5
shift_lowk,lstm,dp_bh_MPa,t<=5yr,2.4571667991063686,0.06647094648530122,5
shift_lowk,lstm,dp_bh_MPa,t>5yr,0.5969317840847971,0.07960918459902432,5
shift_lowk,lstm,peak_dp_MPa,max,3.8379421988351523,0.1590227324407509,5
shift_lowk,lstm,r95_m,all,21.904168336149734,2.9435200756630615,5
shift_lowk,lstm,r95_m,t<=5yr,17.29406778780403,3.143804895402984,5
shift_lowk,lstm,r95_m,t>5yr,25.665763995296345,3.10746041937799,5
shift_lowk,lstm_h128x2,dp_bh_MPa,all,1.7918106331034989,0.08219251602613796,5
shift_lowk,lstm_h128x2,dp_bh_MPa,t<=5yr,2.47772093763408,0.12273901570314989,5
shift_lowk,lstm_h128x2,dp_bh_MPa,t>5yr,0.526072366968377,0.07136694308304241,5
shift_lowk,lstm_h128x2,peak_dp_MPa,max,3.8491848590716913,0.2537085954592278,5
shift_lowk,lstm_h128x2,r95_m,all,18.380529183951456,1.26873987226195,5
shift_lowk,lstm_h128x2,r95_m,t<=5yr,13.029303547427736,0.9803492680521563,5
shift_lowk,lstm_h128x2,r95_m,t>5yr,22.487192891597832,1.6038098082738945,5
shift_lowk,lstm_h16,dp_bh_MPa,all,1.7797839115502154,0.07603849533909712,5
shift_lowk,lstm_h16,dp_bh_MPa,t<=5yr,2.4598261725177815,0.11032246199322605,5
shift_lowk,lstm_h16,dp_bh_MPa,t>5yr,0.5308141103113989,0.053235947184515874,5
shift_lowk,lstm_h16,peak_dp_MPa,max,3.7651824327510135,0.1488309235116742,5
shift_lowk,lstm_h16,r95_m,all,20.762011212303072,1.4370016231358231,5
shift_lowk,lstm_h16,r95_m,t<=5yr,17.569488773823092,1.6175770102923572,5
shift_lowk,lstm_h16,r95_m,t>5yr,23.355445481456123,3.3854769430028306,5
shift_lowk,lstm_nophys,dp_bh_MPa,all,1.7622390710333864,0.07351159043688833,5
shift_lowk,lstm_nophys,dp_bh_MPa,t<=5yr,2.3382655097708223,0.12842685824167938,5
shift_lowk,lstm_nophys,dp_bh_MPa,t>5yr,0.8558394789890279,0.08998499128080949,5
shift_lowk,lstm_nophys,peak_dp_MPa,max,3.4740193573542806,0.2309722266581331,5
shift_lowk,lstm_nophys,r95_m,all,22.868667977182337,2.3072407647422475,5
shift_lowk,lstm_nophys,r95_m,t<=5yr,19.96552724749009,1.403047450699886,5
shift_lowk,lstm_nophys,r95_m,t>5yr,25.404509017306538,3.332254420017449,5
shift_lowk,mean,dp_bh_MPa,all,4.507246750592543,0.0,1
shift_lowk,mean,dp_bh_MPa,t<=5yr,5.098981684784895,0.0,1
shift_lowk,mean,dp_bh_MPa,t>5yr,3.825040172296531,0.0,1
shift_lowk,mean,peak_dp_MPa,max,7.41793953043618,0.0,1
shift_lowk,mean,r95_m,all,100.6152633042859,0.0,1
shift_lowk,mean,r95_m,t<=5yr,87.44655798170726,0.0,1
shift_lowk,mean,r95_m,t>5yr,112.24955196673827,0.0,1
shift_lowk,mlp,dp_bh_MPa,all,1.4282487980756793,0.06952987677022741,5
shift_lowk,mlp,dp_bh_MPa,t<=5yr,1.9554291779007662,0.107850609401404,5
shift_lowk,mlp,dp_bh_MPa,t>5yr,0.5034322745525948,0.03659877774033025,5
shift_lowk,mlp,peak_dp_MPa,max,2.808588206775416,0.13532159982806397,5
shift_lowk,mlp,r95_m,all,18.045005720887836,1.6774064034599827,5
shift_lowk,mlp,r95_m,t<=5yr,14.781938295627203,1.9569818488021555,5
shift_lowk,mlp,r95_m,t>5yr,20.766498441839587,1.9135669721917077,5
shift_lowk,mlp_nophys,dp_bh_MPa,all,3.1692735225150237,0.06314262832500153,5
shift_lowk,mlp_nophys,dp_bh_MPa,t<=5yr,2.882339712542506,0.1667010043503836,5
shift_lowk,mlp_nophys,dp_bh_MPa,t>5yr,3.429470803422712,0.06694136929863845,5
shift_lowk,mlp_nophys,peak_dp_MPa,max,4.462022484782404,0.47113941108169427,5
shift_lowk,mlp_nophys,r95_m,all,74.51874801949025,1.2333987197567626,5
shift_lowk,mlp_nophys,r95_m,t<=5yr,48.67521556034361,2.6816627202403764,5
shift_lowk,mlp_nophys,r95_m,t>5yr,93.44982405769903,0.8820221161313809,5
shift_lowk,ridge,dp_bh_MPa,all,2.1801568322131875,0.0,1
shift_lowk,ridge,dp_bh_MPa,t<=5yr,3.0248365500236503,0.0,1
shift_lowk,ridge,dp_bh_MPa,t>5yr,0.5971025638302876,0.0,1
shift_lowk,ridge,peak_dp_MPa,max,5.752333695460618,0.0,1
shift_lowk,ridge,r95_m,all,19.419833303399045,0.0,1
shift_lowk,ridge,r95_m,t<=5yr,16.453178902022273,0.0,1
shift_lowk,ridge,r95_m,t>5yr,21.98983299349185,0.0,1
shift_lowk,xgb,dp_bh_MPa,all,2.1064334187664673,0.012740721128961258,5
shift_lowk,xgb,dp_bh_MPa,t<=5yr,2.934535348837398,0.019279434852290927,5
shift_lowk,xgb,dp_bh_MPa,t>5yr,0.5123774591048806,0.008476842764934054,5
shift_lowk,xgb,peak_dp_MPa,max,4.738697427457232,0.022239480066675237,5
shift_lowk,xgb,r95_m,all,26.86872698962827,0.28631554415791366,5
shift_lowk,xgb,r95_m,t<=5yr,20.538269972089548,0.25442905498457036,5
shift_lowk,xgb,r95_m,t>5yr,31.96903027281802,0.3480755766948121,5
shift_lowk,xgb_nophys,dp_bh_MPa,all,3.2471296988298364,0.02609451517660171,5
shift_lowk,xgb_nophys,dp_bh_MPa,t<=5yr,3.1952323278784194,0.052435104145117276,5
shift_lowk,xgb_nophys,dp_bh_MPa,t>5yr,3.298035122330936,0.007680383781803259,5
shift_lowk,xgb_nophys,peak_dp_MPa,max,5.270603062671813,0.10650221287634802,5
shift_lowk,xgb_nophys,r95_m,all,79.8362900067727,0.6488458241178531,5
shift_lowk,xgb_nophys,r95_m,t<=5yr,54.778097062216396,0.9602259001314042,5
shift_lowk,xgb_nophys,r95_m,t>5yr,98.72413422812807,0.7966976074054399,5
shift_openbc,lstm,dp_bh_MPa,all,5.4393457232388895,0.07236813117990815,5
shift_openbc,lstm,dp_bh_MPa,t<=5yr,4.237116634208749,0.07499532006926829,5
shift_openbc,lstm,dp_bh_MPa,t>5yr,6.420173437538999,0.07952554381713114,5
shift_openbc,lstm,peak_dp_MPa,max,6.5484656468960285,0.136090217580472,5
shift_openbc,lstm,r95_m,all,71.06653332926871,2.1538341318077356,5
shift_openbc,lstm,r95_m,t<=5yr,56.29409085327868,1.8663418339893163,5
shift_openbc,lstm,r95_m,t>5yr,83.25468366932277,2.5429111955171315,5
shift_openbc,lstm_h128x2,dp_bh_MPa,all,5.534897976298138,0.10798474588975426,5
shift_openbc,lstm_h128x2,dp_bh_MPa,t<=5yr,4.347611527424396,0.08971390754305641,5
shift_openbc,lstm_h128x2,dp_bh_MPa,t>5yr,6.50885167632043,0.1393437238996814,5
shift_openbc,lstm_h128x2,peak_dp_MPa,max,6.688660753867573,0.168459003320696,5
shift_openbc,lstm_h128x2,r95_m,all,70.51676253462888,1.9322119615463373,5
shift_openbc,lstm_h128x2,r95_m,t<=5yr,54.77911901031841,1.991346805536132,5
shift_openbc,lstm_h128x2,r95_m,t>5yr,83.32010188653913,2.509352013867473,5
shift_openbc,lstm_h16,dp_bh_MPa,all,5.550851028927073,0.06771276390574234,5
shift_openbc,lstm_h16,dp_bh_MPa,t<=5yr,4.301326608840317,0.10589564070880242,5
shift_openbc,lstm_h16,dp_bh_MPa,t>5yr,6.566464599229429,0.05467268384169562,5
shift_openbc,lstm_h16,peak_dp_MPa,max,6.643382128815565,0.14008497343290216,5
shift_openbc,lstm_h16,r95_m,all,70.79092219694898,1.355818221389796,5
shift_openbc,lstm_h16,r95_m,t<=5yr,55.77460920616936,1.5485979422571272,5
shift_openbc,lstm_h16,r95_m,t>5yr,83.12998100962673,1.7070517848287106,5
shift_openbc,lstm_nophys,dp_bh_MPa,all,5.532193837999142,0.06452676317785981,5
shift_openbc,lstm_nophys,dp_bh_MPa,t<=5yr,4.324983269807076,0.0655681118910421,5
shift_openbc,lstm_nophys,dp_bh_MPa,t>5yr,6.519372134138001,0.08563438367230497,5
shift_openbc,lstm_nophys,peak_dp_MPa,max,6.716002188856914,0.11850933704750499,5
shift_openbc,lstm_nophys,r95_m,all,68.53548487571578,2.3788692815166232,5
shift_openbc,lstm_nophys,r95_m,t<=5yr,54.47037251398932,1.8830715014150616,5
shift_openbc,lstm_nophys,r95_m,t>5yr,80.16420197686752,2.983763933414307,5
shift_openbc,mean,dp_bh_MPa,all,4.396282568369757,0.0,1
shift_openbc,mean,dp_bh_MPa,t<=5yr,3.4530494040980924,0.0,1
shift_openbc,mean,dp_bh_MPa,t>5yr,5.170207989506938,0.0,1
shift_openbc,mean,peak_dp_MPa,max,5.218762296693188,0.0,1
shift_openbc,mean,r95_m,all,168.13230568642223,0.0,1
shift_openbc,mean,r95_m,t<=5yr,141.6847563507092,0.0,1
shift_openbc,mean,r95_m,t>5yr,190.95123526362752,0.0,1
shift_openbc,mlp,dp_bh_MPa,all,5.5790673449225086,0.07033472164675791,5
shift_openbc,mlp,dp_bh_MPa,t<=5yr,4.355232864929488,0.08069100158564892,5
shift_openbc,mlp,dp_bh_MPa,t>5yr,6.57887128770673,0.07976901895905537,5
shift_openbc,mlp,peak_dp_MPa,max,6.716350842311433,0.15240055518461276,5
shift_openbc,mlp,r95_m,all,66.84320754547919,2.5620995928783454,5
shift_openbc,mlp,r95_m,t<=5yr,52.66768974825017,2.6094986096269714,5
shift_openbc,mlp,r95_m,t>5yr,78.49130088412295,2.809428892000359,5
shift_openbc,mlp_nophys,dp_bh_MPa,all,3.5101092612705713,0.29126017690753153,5
shift_openbc,mlp_nophys,dp_bh_MPa,t<=5yr,3.5039913948466124,0.4658557008151697,5
shift_openbc,mlp_nophys,dp_bh_MPa,t>5yr,3.505556352858138,0.2149644498215221,5
shift_openbc,mlp_nophys,peak_dp_MPa,max,6.127749357111084,0.9668348182684183,5
shift_openbc,mlp_nophys,r95_m,all,143.53776152347032,3.270216552225063,5
shift_openbc,mlp_nophys,r95_m,t<=5yr,93.49030901408612,4.198963559349114,5
shift_openbc,mlp_nophys,r95_m,t>5yr,180.16857025852482,3.1686447983097317,5
shift_openbc,ridge,dp_bh_MPa,all,5.774118208956636,0.0,1
shift_openbc,ridge,dp_bh_MPa,t<=5yr,4.565782832104584,0.0,1
shift_openbc,ridge,dp_bh_MPa,t>5yr,6.770118855091705,0.0,1
shift_openbc,ridge,peak_dp_MPa,max,7.647182323027867,0.0,1
shift_openbc,ridge,r95_m,all,67.86071772985801,0.0,1
shift_openbc,ridge,r95_m,t<=5yr,54.042668553358524,0.0,1
shift_openbc,ridge,r95_m,t>5yr,79.30664535368247,0.0,1
shift_openbc,xgb,dp_bh_MPa,all,5.472869176045956,0.004293855873927421,5
shift_openbc,xgb,dp_bh_MPa,t<=5yr,4.199332163114677,0.007750110382779649,5
shift_openbc,xgb,dp_bh_MPa,t>5yr,6.501552163794727,0.0023263875042500285,5
shift_openbc,xgb,peak_dp_MPa,max,6.4343187936867565,0.017464045135673456,5
shift_openbc,xgb,r95_m,all,76.3505646530418,0.13535050486227893,5
shift_openbc,xgb,r95_m,t<=5yr,60.65792681555056,0.11652586255826794,5
shift_openbc,xgb,r95_m,t>5yr,89.3274987988627,0.24941794361294556,5
shift_openbc,xgb_nophys,dp_bh_MPa,all,3.516281642743683,0.04181185944969332,5
shift_openbc,xgb_nophys,dp_bh_MPa,t<=5yr,3.3996909882877153,0.07361693660526258,5
shift_openbc,xgb_nophys,dp_bh_MPa,t>5yr,3.628782653621741,0.03486450527747556,5
shift_openbc,xgb_nophys,peak_dp_MPa,max,5.366307549974989,0.14162690415249304,5
shift_openbc,xgb_nophys,r95_m,all,140.34509447119012,0.2508213378907454,5
shift_openbc,xgb_nophys,r95_m,t<=5yr,89.97751095665114,0.34649020802078634,5
shift_openbc,xgb_nophys,r95_m,t>5yr,176.91063812945077,0.4600770439095662,5
shift_shutin,lstm,dp_bh_MPa,all,0.4967713158127992,0.027264166339238605,5
shift_shutin,lstm,dp_bh_MPa,t<=5yr,0.5826954041930573,0.028147991338698476,5
shift_shutin,lstm,dp_bh_MPa,t>5yr,0.3918047424097467,0.03664147716448471,5
shift_shutin,lstm,peak_dp_MPa,max,0.814991915348845,0.043044773714899995,5
shift_shutin,lstm,r95_m,all,11.848270809366916,1.1615223890295923,5
shift_shutin,lstm,r95_m,t<=5yr,11.360466472554343,1.3807426873938522,5
shift_shutin,lstm,r95_m,t>5yr,12.30829285787114,1.0260514828416567,5
shift_shutin,lstm_h128x2,dp_bh_MPa,all,0.5134428621022722,0.020032256266857954,5
shift_shutin,lstm_h128x2,dp_bh_MPa,t<=5yr,0.6205337698452553,0.027814690532585416,5
shift_shutin,lstm_h128x2,dp_bh_MPa,t>5yr,0.37663522302381436,0.021036723998466497,5
shift_shutin,lstm_h128x2,peak_dp_MPa,max,0.8885139845990494,0.03862614474111516,5
shift_shutin,lstm_h128x2,r95_m,all,11.980323931006227,0.4051195320650841,5
shift_shutin,lstm_h128x2,r95_m,t<=5yr,11.491755155441584,0.44562119363523534,5
shift_shutin,lstm_h128x2,r95_m,t>5yr,12.440336782946567,0.649653268841256,5
shift_shutin,lstm_h16,dp_bh_MPa,all,0.4886785877800575,0.04179954247017575,5
shift_shutin,lstm_h16,dp_bh_MPa,t<=5yr,0.5790045828615504,0.042183783756421143,5
shift_shutin,lstm_h16,dp_bh_MPa,t>5yr,0.3769515027560639,0.04536969550576369,5
shift_shutin,lstm_h16,peak_dp_MPa,max,0.7987072800896096,0.06536118024569011,5
shift_shutin,lstm_h16,r95_m,all,11.131621790981635,0.5768526126459202,5
shift_shutin,lstm_h16,r95_m,t<=5yr,10.534069737667467,0.7042930895406219,5
shift_shutin,lstm_h16,r95_m,t>5yr,11.69483099755179,0.5313913218395592,5
shift_shutin,lstm_nophys,dp_bh_MPa,all,0.6280746448526859,0.052931583079869136,5
shift_shutin,lstm_nophys,dp_bh_MPa,t<=5yr,0.6971815417812305,0.06304172906700153,5
shift_shutin,lstm_nophys,dp_bh_MPa,t>5yr,0.547269153311803,0.07659379008219133,5
shift_shutin,lstm_nophys,peak_dp_MPa,max,1.008470029747426,0.10366384851471609,5
shift_shutin,lstm_nophys,r95_m,all,15.67284572860118,2.073901063859366,5
shift_shutin,lstm_nophys,r95_m,t<=5yr,13.266584795761784,1.2478753867398076,5
shift_shutin,lstm_nophys,r95_m,t>5yr,17.737014700295454,2.8080630457327924,5
shift_shutin,mean,dp_bh_MPa,all,3.4299126123523727,0.0,1
shift_shutin,mean,dp_bh_MPa,t<=5yr,3.076501795187182,0.0,1
shift_shutin,mean,dp_bh_MPa,t>5yr,3.7501650311630024,0.0,1
shift_shutin,mean,peak_dp_MPa,max,4.216725347059424,0.0,1
shift_shutin,mean,r95_m,all,119.2830155633596,0.0,1
shift_shutin,mean,r95_m,t<=5yr,106.37564434120677,0.0,1
shift_shutin,mean,r95_m,t>5yr,130.92401572962257,0.0,1
shift_shutin,mlp,dp_bh_MPa,all,0.5026737901820381,0.03591820004531331,5
shift_shutin,mlp,dp_bh_MPa,t<=5yr,0.5995513110076027,0.059660269024717515,5
shift_shutin,mlp,dp_bh_MPa,t>5yr,0.3808988428413488,0.006411401392113538,5
shift_shutin,mlp,peak_dp_MPa,max,0.8476150500737069,0.11935423876627099,5
shift_shutin,mlp,r95_m,all,11.590820667524584,1.610928161929328,5
shift_shutin,mlp,r95_m,t<=5yr,11.446155133077818,1.930647908161338,5
shift_shutin,mlp,r95_m,t>5yr,11.721044052864444,1.354219639756823,5
shift_shutin,mlp_nophys,dp_bh_MPa,all,2.9659424444296496,0.02808923202700591,5
shift_shutin,mlp_nophys,dp_bh_MPa,t<=5yr,2.253932938288007,0.03979392925491129,5
shift_shutin,mlp_nophys,dp_bh_MPa,t>5yr,3.5373443810596177,0.027517478762129153,5
shift_shutin,mlp_nophys,peak_dp_MPa,max,2.709567218919953,0.1724779632494246,5
shift_shutin,mlp_nophys,r95_m,all,89.7105661617174,0.6544611683651178,5
shift_shutin,mlp_nophys,r95_m,t<=5yr,65.62119783108652,1.413149085648402,5
shift_shutin,mlp_nophys,r95_m,t>5yr,108.5678978207844,1.5528356737340403,5
shift_shutin,ridge,dp_bh_MPa,all,0.7685670576886973,0.0,1
shift_shutin,ridge,dp_bh_MPa,t<=5yr,0.8376443616788165,0.0,1
shift_shutin,ridge,dp_bh_MPa,t>5yr,0.6926345123340379,0.0,1
shift_shutin,ridge,peak_dp_MPa,max,1.2829486677918502,0.0,1
shift_shutin,ridge,r95_m,all,9.842782673677872,0.0,1
shift_shutin,ridge,r95_m,t<=5yr,9.656889853095901,0.0,1
shift_shutin,ridge,r95_m,t>5yr,10.025229168835997,0.0,1
shift_shutin,xgb,dp_bh_MPa,all,0.42498304841110307,0.005998903773993459,5
shift_shutin,xgb,dp_bh_MPa,t<=5yr,0.5237464559861118,0.007449404797057481,5
shift_shutin,xgb,dp_bh_MPa,t>5yr,0.2947477456868505,0.00772845206157163,5
shift_shutin,xgb,peak_dp_MPa,max,0.6791158854416757,0.020683197712382473,5
shift_shutin,xgb,r95_m,all,13.160406822295556,0.23523600362112607,5
shift_shutin,xgb,r95_m,t<=5yr,11.361593346318527,0.20087469626491894,5
shift_shutin,xgb,r95_m,t>5yr,14.741319085438658,0.2659435085199529,5
shift_shutin,xgb_nophys,dp_bh_MPa,all,2.874573894824824,0.006430225407234094,5
shift_shutin,xgb_nophys,dp_bh_MPa,t<=5yr,2.1037947925539084,0.009097513902403518,5
shift_shutin,xgb_nophys,dp_bh_MPa,t>5yr,3.4785553296674023,0.007936273762017726,5
shift_shutin,xgb_nophys,peak_dp_MPa,max,2.5102222592431565,0.009152592878316398,5
shift_shutin,xgb_nophys,r95_m,all,88.45614347280838,0.38999750095505586,5
shift_shutin,xgb_nophys,r95_m,t<=5yr,63.303439068941806,0.32922290961141,5
shift_shutin,xgb_nophys,r95_m,t>5yr,107.89616665337815,0.5328067393219184,5
test,lstm,dp_bh_MPa,all,0.6701568706057272,0.02795882270786421,5
test,lstm,dp_bh_MPa,t<=5yr,0.8159622551634914,0.03628920842149017,5
test,lstm,dp_bh_MPa,t>5yr,0.48010122090088964,0.051551748119682814,5
test,lstm,peak_dp_MPa,max,1.271553746768503,0.07573429710594375,5
test,lstm,r95_m,all,13.712319483984066,1.3088501676934683,5
test,lstm,r95_m,t<=5yr,12.123176063295897,1.3954059214117613,5
test,lstm,r95_m,t>5yr,15.123202500782014,1.394621539304323,5
test,lstm_h128x2,dp_bh_MPa,all,0.69260649030985,0.02355770815599104,5
test,lstm_h128x2,dp_bh_MPa,t<=5yr,0.8596379339386738,0.03412168575809233,5
test,lstm_h128x2,dp_bh_MPa,t>5yr,0.4684615521811293,0.03410298613892986,5
test,lstm_h128x2,peak_dp_MPa,max,1.3028665193511102,0.0876148572900175,5
test,lstm_h128x2,r95_m,all,14.31336842371069,0.4284369042278227,5
test,lstm_h128x2,r95_m,t<=5yr,12.48641402267663,0.6273096396519228,5
test,lstm_h128x2,r95_m,t>5yr,15.920831500902537,0.6523990555797651,5
test,lstm_h16,dp_bh_MPa,all,0.6635023744844363,0.04326768112327383,5
test,lstm_h16,dp_bh_MPa,t<=5yr,0.8236072862796597,0.04095846710781716,5
test,lstm_h16,dp_bh_MPa,t>5yr,0.44861102309069684,0.056383293036830956,5
test,lstm_h16,peak_dp_MPa,max,1.3052154856476612,0.07285259219813796,5
test,lstm_h16,r95_m,all,13.05847028324958,0.9660840957679306,5
test,lstm_h16,r95_m,t<=5yr,11.4072470560108,0.8722384863997182,5
test,lstm_h16,r95_m,t>5yr,14.510776383111288,1.2470190585577499,5
test,lstm_nophys,dp_bh_MPa,all,0.8317819101704258,0.078644612848066,5
test,lstm_nophys,dp_bh_MPa,t<=5yr,0.9675621314491558,0.09816152097509383,5
test,lstm_nophys,dp_bh_MPa,t>5yr,0.667592131263768,0.07118613876408209,5
test,lstm_nophys,peak_dp_MPa,max,1.509329644255694,0.18290027185554186,5
test,lstm_nophys,r95_m,all,16.312781271847975,1.294514911826651,5
test,lstm_nophys,r95_m,t<=5yr,13.986652134549127,0.7846106855978452,5
test,lstm_nophys,r95_m,t>5yr,18.33024031859173,1.8635505778076171,5
test,mean,dp_bh_MPa,all,3.8175165104003717,0.0,1
test,mean,dp_bh_MPa,t<=5yr,3.342289605847704,0.0,1
test,mean,dp_bh_MPa,t>5yr,4.239807166016075,0.0,1
test,mean,peak_dp_MPa,max,5.076595632708132,0.0,1
test,mean,r95_m,all,126.47223868522526,0.0,1
test,mean,r95_m,t<=5yr,108.57033266869523,0.0,1
test,mean,r95_m,t>5yr,142.1370366242171,0.0,1
test,mlp,dp_bh_MPa,all,0.6575384150465075,0.05579434881396797,5
test,mlp,dp_bh_MPa,t<=5yr,0.8106488822980467,0.08931419328078685,5
test,mlp,dp_bh_MPa,t>5yr,0.4539599996510987,0.010089459081750194,5
test,mlp,peak_dp_MPa,max,1.2296755976138958,0.1711934482794275,5
test,mlp,r95_m,all,12.903563794425256,2.051591958389332,5
test,mlp,r95_m,t<=5yr,12.361055256881908,2.3501982432335207,5
test,mlp,r95_m,t>5yr,13.411669450721286,1.8203895704190258,5
test,mlp_nophys,dp_bh_MPa,all,3.5680234226185457,0.013655002571690422,5
test,mlp_nophys,dp_bh_MPa,t<=5yr,2.207356573586313,0.06717250068204261,5
test,mlp_nophys,dp_bh_MPa,t>5yr,4.537066647870854,0.03305482579010597,5
test,mlp_nophys,peak_dp_MPa,max,3.2451352643378977,0.2518379629016654,5
test,mlp_nophys,r95_m,all,96.1186221815061,1.1519997200686551,5
test,mlp_nophys,r95_m,t<=5yr,57.193472382153196,1.3909656036695655,5
test,mlp_nophys,r95_m,t>5yr,123.30860089031917,1.6008828055461697,5
test,ridge,dp_bh_MPa,all,1.0578059402306093,0.0,1
test,ridge,dp_bh_MPa,t<=5yr,1.1321276804303224,0.0,1
test,ridge,dp_bh_MPa,t>5yr,0.9778515887279543,0.0,1
test,ridge,peak_dp_MPa,max,2.1401023786528364,0.0,1
test,ridge,r95_m,all,10.786229080752555,0.0,1
test,ridge,r95_m,t<=5yr,10.193369882180486,0.0,1
test,ridge,r95_m,t>5yr,11.348157824510555,0.0,1
test,xgb,dp_bh_MPa,all,0.5969776673611609,0.010183593157887083,5
test,xgb,dp_bh_MPa,t<=5yr,0.774747223952922,0.013632859284830934,5
test,xgb,dp_bh_MPa,t>5yr,0.3352458197868614,0.014093215485047706,5
test,xgb,peak_dp_MPa,max,1.322118726107759,0.010764602898358703,5
test,xgb,r95_m,all,15.233788653456916,0.21658459813619763,5
test,xgb,r95_m,t<=5yr,11.552900077324304,0.17551773931952622,5
test,xgb,r95_m,t>5yr,18.18405798914258,0.268275434097644,5
test,xgb_nophys,dp_bh_MPa,all,3.456141216598573,0.006995053771384711,5
test,xgb_nophys,dp_bh_MPa,t<=5yr,2.020179977495641,0.016191367047382093,5
test,xgb_nophys,dp_bh_MPa,t>5yr,4.450666079796438,0.01309025248909501,5
test,xgb_nophys,peak_dp_MPa,max,3.0695677866938285,0.05560595468018305,5
test,xgb_nophys,r95_m,all,93.79753686809124,0.2566765973342061,5
test,xgb_nophys,r95_m,t<=5yr,53.854370853437516,0.24113732104407318,5
test,xgb_nophys,r95_m,t>5yr,121.22513041920612,0.4863572550934306,5
