set,model,seed,target,phase,rmse
test,mean,0,dp_bh_MPa,all,3.8175165104003717
test,mean,0,dp_bh_MPa,t<=5yr,3.342289605847704
test,mean,0,dp_bh_MPa,t>5yr,4.239807166016075
test,mean,0,r95_m,all,126.47223868522526
test,mean,0,r95_m,t<=5yr,108.57033266869523
test,mean,0,r95_m,t>5yr,142.1370366242171
test,mean,0,peak_dp_MPa,max,5.076595632708132
test,ridge,0,dp_bh_MPa,all,1.0578059402306093
test,ridge,0,dp_bh_MPa,t<=5yr,1.1321276804303224
test,ridge,0,dp_bh_MPa,t>5yr,0.9778515887279543
test,ridge,0,r95_m,all,10.786229080752555
test,ridge,0,r95_m,t<=5yr,10.193369882180486
test,ridge,0,r95_m,t>5yr,11.348157824510555
test,ridge,0,peak_dp_MPa,max,2.1401023786528364
test,xgb,0,dp_bh_MPa,all,0.587053137713349
test,xgb,0,dp_bh_MPa,t<=5yr,0.7653656843458133
test,xgb,0,dp_bh_MPa,t>5yr,0.3216801862472127
test,xgb,0,r95_m,all,15.026716643145337
test,xgb,0,r95_m,t<=5yr,11.318370837860918
test,xgb,0,r95_m,t>5yr,17.98607538412484
test,xgb,0,peak_dp_MPa,max,1.3230364588418555
test,xgb,1,dp_bh_MPa,all,0.607781236127708
test,xgb,1,dp_bh_MPa,t<=5yr,0.7848759497803182
test,xgb,1,dp_bh_MPa,t>5yr,0.35037951628811437
test,xgb,1,r95_m,all,15.467413471451177
test,xgb,1,r95_m,t<=5yr,11.705609748619992
test,xgb,1,r95_m,t>5yr,18.478648744068686
test,xgb,1,peak_dp_MPa,max,1.3262026125445294
test,xgb,2,dp_bh_MPa,all,0.5986604580706483
test,xgb,2,dp_bh_MPa,t<=5yr,0.7707639267287572
test,xgb,2,dp_bh_MPa,t>5yr,0.35030223717296477
test,xgb,2,r95_m,all,15.35742643025521
test,xgb,2,r95_m,t<=5yr,11.58016014060358
test,xgb,2,r95_m,t>5yr,18.373921308185107
test,xgb,2,peak_dp_MPa,max,1.3163740006131521
test,xgb,3,dp_bh_MPa,all,0.6055327989341124
test,xgb,3,dp_bh_MPa,t<=5yr,0.7926703733344269
test,xgb,3,dp_bh_MPa,t>5yr,0.3240580509844193
test,xgb,3,r95_m,all,14.980352011724856
test,xgb,3,r95_m,t<=5yr,11.434114401696002
test,xgb,3,r95_m,t>5yr,17.83487932785938
test,xgb,3,peak_dp_MPa,max,1.3368553126132234
test,xgb,4,dp_bh_MPa,all,0.5858607059599865
test,xgb,4,dp_bh_MPa,t<=5yr,0.7600601855752942
test,xgb,4,dp_bh_MPa,t>5yr,0.329809108241596
test,xgb,4,r95_m,all,15.337034710707997
test,xgb,4,r95_m,t<=5yr,11.726245257841027
test,xgb,4,r95_m,t>5yr,18.246765181474895
test,xgb,4,peak_dp_MPa,max,1.3081252459260344
test,xgb_nophys,0,dp_bh_MPa,all,3.4510601563929586
test,xgb_nophys,0,dp_bh_MPa,t<=5yr,2.0101259528889073
test,xgb_nophys,0,dp_bh_MPa,t>5yr,4.447361696512714
test,xgb_nophys,0,r95_m,all,93.92164929766027
test,xgb_nophys,0,r95_m,t<=5yr,53.88569580726583
test,xgb_nophys,0,r95_m,t>5yr,121.40380636929052
test,xgb_nophys,0,peak_dp_MPa,max,3.0248490463073523
test,xgb_nophys,1,dp_bh_MPa,all,3.463186811975035
test,xgb_nophys,1,dp_bh_MPa,t<=5yr,2.042633687661915
test,xgb_nophys,1,dp_bh_MPa,t>5yr,4.451401285809257
test,xgb_nophys,1,r95_m,all,93.78840853191915
test,xgb_nophys,1,r95_m,t<=5yr,53.82260492679962
test,xgb_nophys,1,r95_m,t>5yr,121.22565053978458
test,xgb_nophys,1,peak_dp_MPa,max,3.145152582586845
test,xgb_nophys,2,dp_bh_MPa,all,3.461169461156492
test,xgb_nophys,2,dp_bh_MPa,t<=5yr,2.0067868011433303
test,xgb_nophys,2,dp_bh_MPa,t>5yr,4.464548668392088
test,xgb_nophys,2,r95_m,all,93.55678042207047
test,xgb_nophys,2,r95_m,t<=5yr,54.20194711729475
test,xgb_nophys,2,r95_m,t>5yr,120.69751967037682
test,xgb_nophys,2,peak_dp_MPa,max,3.0090785568891247
test,xgb_nophys,3,dp_bh_MPa,all,3.4585833785161726
test,xgb_nophys,3,dp_bh_MPa,t<=5yr,2.009198084652962
test,xgb_nophys,3,dp_bh_MPa,t>5yr,4.459452996604354
test,xgb_nophys,3,r95_m,all,94.16222701400815
test,xgb_nophys,3,r95_m,t<=5yr,53.5234218411141
test,xgb_nophys,3,r95_m,t>5yr,121.93561131553555
test,xgb_nophys,3,peak_dp_MPa,max,3.067682839449205
test,xgb_nophys,4,dp_bh_MPa,all,3.4467062749522066
test,xgb_nophys,4,dp_bh_MPa,t<=5yr,2.0321553611310903
test,xgb_nophys,4,dp_bh_MPa,t>5yr,4.430565751663776
test,xgb_nophys,4,r95_m,all,93.55861907479819
test,xgb_nophys,4,r95_m,t<=5yr,53.83818457471327
test,xgb_nophys,4,r95_m,t>5yr,120.8630642010432
test,xgb_nophys,4,peak_dp_MPa,max,3.101075908236615
test,lstm,0,dp_bh_MPa,all,0.6473091128398449
test,lstm,0,dp_bh_MPa,t<=5yr,0.768102591757265
test,lstm,0,dp_bh_MPa,t>5yr,0.4980327134504182
test,lstm,0,r95_m,all,11.97713862509641
test,lstm,0,r95_m,t<=5yr,10.41694219907471
test,lstm,0,r95_m,t>5yr,13.356309913695819
test,lstm,0,peak_dp_MPa,max,1.2094032130742174
test,lstm,1,dp_bh_MPa,all,0.7073784645405503
test,lstm,1,dp_bh_MPa,t<=5yr,0.8656509012778676
test,lstm,1,dp_bh_MPa,t>5yr,0.5014150988036844
test,lstm,1,r95_m,all,14.238645741452343
test,lstm,1,r95_m,t<=5yr,12.537167758639592
test,lstm,1,r95_m,t>5yr,15.757458224373808
test,lstm,1,peak_dp_MPa,max,1.392246210962052
test,lstm,2,dp_bh_MPa,all,0.6396794704775556
test,lstm,2,dp_bh_MPa,t<=5yr,0.8062759631881621
test,lstm,2,dp_bh_MPa,t>5yr,0.4102422712079938
test,lstm,2,r95_m,all,13.475510465260488
test,lstm,2,r95_m,t<=5yr,11.169253628002934
test,lstm,2,r95_m,t>5yr,15.441066607978644
test,lstm,2,peak_dp_MPa,max,1.2634039079560035
test,lstm,3,dp_bh_MPa,all,0.6692425588373759
test,lstm,3,dp_bh_MPa,t<=5yr,0.8337369336072774
test,lstm,3,dp_bh_MPa,t>5yr,0.4479441155518527
test,lstm,3,r95_m,all,13.325324068564353
test,lstm,3,r95_m,t<=5yr,12.448319805169268
test,lstm,3,r95_m,t>5yr,14.148069023465762
test,lstm,3,peak_dp_MPa,max,1.286215410066368
test,lstm,4,dp_bh_MPa,all,0.6871747463333091
test,lstm,4,dp_bh_MPa,t<=5yr,0.806044885986885
test,lstm,4,dp_bh_MPa,t>5yr,0.542871905490499
test,lstm,4,r95_m,all,15.54497851954674
test,lstm,4,r95_m,t<=5yr,14.044196925592983
test,lstm,4,r95_m,t>5yr,16.91310873439604
test,lstm,4,peak_dp_MPa,max,1.2064999917838741
test,mlp,0,dp_bh_MPa,all,0.6305445093303219
test,mlp,0,dp_bh_MPa,t<=5yr,0.765730990326591
test,mlp,0,dp_bh_MPa,t>5yr,0.4569779064098077
test,mlp,0,r95_m,all,13.456511992016667
test,mlp,0,r95_m,t<=5yr,13.35792162429983
test,mlp,0,r95_m,t>5yr,13.554385263140476
test,mlp,0,peak_dp_MPa,max,1.1239715592727968
test,mlp,1,dp_bh_MPa,all,0.6300194489704827
test,mlp,1,dp_bh_MPa,t<=5yr,0.7729327008504328
test,mlp,1,dp_bh_MPa,t>5yr,0.44319753171491894
test,mlp,1,r95_m,all,12.669767208893733
test,mlp,1,r95_m,t<=5yr,11.717465348637665
test,mlp,1,r95_m,t>5yr,13.55533135185538
test,mlp,1,peak_dp_MPa,max,1.1600015589659882
test,mlp,2,dp_bh_MPa,all,0.6154437833927894
test,mlp,2,dp_bh_MPa,t<=5yr,0.744966726597894
test,mlp,2,dp_bh_MPa,t>5yr,0.4500740797865168
test,mlp,2,r95_m,all,10.725347763405294
test,mlp,2,r95_m,t<=5yr,9.736163499784181
test,mlp,2,r95_m,t>5yr,11.630704604512836
test,mlp,2,peak_dp_MPa,max,1.109945317224602
test,mlp,3,dp_bh_MPa,all,0.7534216272724107
test,mlp,3,dp_bh_MPa,t<=5yr,0.9659087096507623
test,mlp,3,dp_bh_MPa,t>5yr,0.4497873514277763
test,mlp,3,r95_m,all,11.59669036453983
test,mlp,3,r95_m,t<=5yr,11.128783321228157
test,mlp,3,r95_m,t>5yr,12.046436676925497
test,mlp,3,peak_dp_MPa,max,1.5244051142722845
test,mlp,4,dp_bh_MPa,all,0.6582627062665328
test,mlp,4,dp_bh_MPa,t<=5yr,0.8037052840645532
test,mlp,4,dp_bh_MPa,t>5yr,0.4697631289164733
test,mlp,4,r95_m,all,16.069501643270755
test,mlp,4,r95_m,t<=5yr,15.8649424904597
test,mlp,4,r95_m,t>5yr,16.271489357172232
test,mlp,4,peak_dp_MPa,max,1.2300544383338075
test,lstm_h16,0,dp_bh_MPa,all,0.6282951112731704
test,lstm_h16,0,dp_bh_MPa,t<=5yr,0.7844693631692182
test,lstm_h16,0,dp_bh_MPa,t>5yr,0.4172736655342777
test,lstm_h16,0,r95_m,all,14.487239277828085
test,lstm_h16,0,r95_m,t<=5yr,12.206121945840767
test,lstm_h16,0,r95_m,t>5yr,16.455114427719852
test,lstm_h16,0,peak_dp_MPa,max,1.2058370397797238
test,lstm_h16,1,dp_bh_MPa,all,0.637487343970014
test,lstm_h16,1,dp_bh_MPa,t<=5yr,0.8023108108477026
test,lstm_h16,1,dp_bh_MPa,t>5yr,0.4111904549485408
test,lstm_h16,1,r95_m,all,13.488251892237196
test,lstm_h16,1,r95_m,t<=5yr,12.105670352899946
test,lstm_h16,1,r95_m,t>5yr,14.741730682786196
test,lstm_h16,1,peak_dp_MPa,max,1.2970542351355778
test,lstm_h16,2,dp_bh_MPa,all,0.6678749777924636
test,lstm_h16,2,dp_bh_MPa,t<=5yr,0.8177201483347726
test,lstm_h16,2,dp_bh_MPa,t>5yr,0.47270258189471
test,lstm_h16,2,r95_m,all,12.901868535190069
test,lstm_h16,2,r95_m,t<=5yr,11.196900745401617
test,lstm_h16,2,r95_m,t>5yr,14.40645123187108
test,lstm_h16,2,peak_dp_MPa,max,1.2707227506416903
test,lstm_h16,3,dp_bh_MPa,all,0.7362948453547005
test,lstm_h16,3,dp_bh_MPa,t<=5yr,0.8920606580392412
test,lstm_h16,3,dp_bh_MPa,t>5yr,0.5371107716015391
test,lstm_h16,3,r95_m,all,12.338533613823179
test,lstm_h16,3,r95_m,t<=5yr,11.486555865059286
test,lstm_h16,3,r95_m,t>5yr,13.135366680750144
test,lstm_h16,3,peak_dp_MPa,max,1.3785731427775558
test,lstm_h16,4,dp_bh_MPa,all,0.6475595940318326
test,lstm_h16,4,dp_bh_MPa,t<=5yr,0.8214754510073642
test,lstm_h16,4,dp_bh_MPa,t>5yr,0.4047776414744167
test,lstm_h16,4,r95_m,all,12.076458097169374
test,lstm_h16,4,r95_m,t<=5yr,10.040986370852382
test,lstm_h16,4,r95_m,t>5yr,13.815218892429181
test,lstm_h16,4,peak_dp_MPa,max,1.3738902599037583
test,lstm_h128x2,0,dp_bh_MPa,all,0.6907320958352399
test,lstm_h128x2,0,dp_bh_MPa,t<=5yr,0.8506008171910355
test,lstm_h128x2,0,dp_bh_MPa,t>5yr,0.48031230072508946
test,lstm_h128x2,0,r95_m,all,14.5595314976843
test,lstm_h128x2,0,r95_m,t<=5yr,13.555868596885144
test,lstm_h128x2,0,r95_m,t>5yr,15.498333505512962
test,lstm_h128x2,0,peak_dp_MPa,max,1.302125309982592
test,lstm_h128x2,1,dp_bh_MPa,all,0.7116467407147711
test,lstm_h128x2,1,dp_bh_MPa,t<=5yr,0.8596348155862061
test,lstm_h128x2,1,dp_bh_MPa,t>5yr,0.5233642622227686
test,lstm_h128x2,1,r95_m,all,14.214152109658697
test,lstm_h128x2,1,r95_m,t<=5yr,12.309955447179545
test,lstm_h128x2,1,r95_m,t>5yr,15.891797798911368
test,lstm_h128x2,1,peak_dp_MPa,max,1.3222649674439555
test,lstm_h128x2,2,dp_bh_MPa,all,0.6642601653955389
test,lstm_h128x2,2,dp_bh_MPa,t<=5yr,0.8271216022673618
test,lstm_h128x2,2,dp_bh_MPa,t>5yr,0.44536837530890055
test,lstm_h128x2,2,r95_m,all,14.11131816106523
test,lstm_h128x2,2,r95_m,t<=5yr,11.985700471374196
test,lstm_h128x2,2,r95_m,t>5yr,15.956239679075992
test,lstm_h128x2,2,peak_dp_MPa,max,1.1666957393428805
test,lstm_h128x2,3,dp_bh_MPa,all,0.7204206126775577
test,lstm_h128x2,3,dp_bh_MPa,t<=5yr,0.9168490481284048
test,lstm_h128x2,3,dp_bh_MPa,t>5yr,0.4442966816075191
test,lstm_h128x2,3,r95_m,all,13.783493013456958
test,lstm_h128x2,3,r95_m,t<=5yr,12.10114056862992
test,lstm_h128x2,3,r95_m,t>5yr,15.28174585059877
test,lstm_h128x2,3,peak_dp_MPa,max,1.4110267623987047
test,lstm_h128x2,4,dp_bh_MPa,all,0.6759728369261424
test,lstm_h128x2,4,dp_bh_MPa,t<=5yr,0.8439833865203604
test,lstm_h128x2,4,dp_bh_MPa,t>5yr,0.4489661410413687
test,lstm_h128x2,4,r95_m,all,14.898347336688262
test,lstm_h128x2,4,r95_m,t<=5yr,12.479405029314346
test,lstm_h128x2,4,r95_m,t>5yr,16.97604067041359
test,lstm_h128x2,4,peak_dp_MPa,max,1.3122198175874182
test,lstm_nophys,0,dp_bh_MPa,all,0.9187184751686898
test,lstm_nophys,0,dp_bh_MPa,t<=5yr,1.0977830940381688
test,lstm_nophys,0,dp_bh_MPa,t>5yr,0.6949529132801374
test,lstm_nophys,0,r95_m,all,17.42073253827915
test,lstm_nophys,0,r95_m,t<=5yr,14.908477366673383
test,lstm_nophys,0,r95_m,t>5yr,19.613799910978585
test,lstm_nophys,0,peak_dp_MPa,max,1.7658188836146727
test,lstm_nophys,1,dp_bh_MPa,all,0.8636147511078753
test,lstm_nophys,1,dp_bh_MPa,t<=5yr,1.0195501495208468
test,lstm_nophys,1,dp_bh_MPa,t>5yr,0.6724420936216393
test,lstm_nophys,1,r95_m,all,15.323089873405117
test,lstm_nophys,1,r95_m,t<=5yr,13.517104258404512
test,lstm_nophys,1,r95_m,t>5yr,16.93759306998263
test,lstm_nophys,1,peak_dp_MPa,max,1.5740645946102305
test,lstm_nophys,2,dp_bh_MPa,all,0.8414774011959022
test,lstm_nophys,2,dp_bh_MPa,t<=5yr,0.9527581738392924
test,lstm_nophys,2,dp_bh_MPa,t>5yr,0.7130359707821444
test,lstm_nophys,2,r95_m,all,17.119896643842594
test,lstm_nophys,2,r95_m,t<=5yr,13.57512425108854
test,lstm_nophys,2,r95_m,t>5yr,20.047386955890627
test,lstm_nophys,2,peak_dp_MPa,max,1.5116825699879275
test,lstm_nophys,3,dp_bh_MPa,all,0.8300913956317576
test,lstm_nophys,3,dp_bh_MPa,t<=5yr,0.932083605904276
test,lstm_nophys,3,dp_bh_MPa,t>5yr,0.7136691122699934
test,lstm_nophys,3,r95_m,all,17.157081690005914
test,lstm_nophys,3,r95_m,t<=5yr,14.747952934117468
test,lstm_nophys,3,r95_m,t>5yr,19.267298422148556
test,lstm_nophys,3,peak_dp_MPa,max,1.4232909479035711
test,lstm_nophys,4,dp_bh_MPa,all,0.7050075277479037
test,lstm_nophys,4,dp_bh_MPa,t<=5yr,0.8356356339431948
test,lstm_nophys,4,dp_bh_MPa,t>5yr,0.5438605663649252
test,lstm_nophys,4,r95_m,all,14.543105613707098
test,lstm_nophys,4,r95_m,t<=5yr,13.184601862461722
test,lstm_nophys,4,r95_m,t>5yr,15.785123233958258
test,lstm_nophys,4,peak_dp_MPa,max,1.271791225162069
test,mlp_nophys,0,dp_bh_MPa,all,3.571823505556882
test,mlp_nophys,0,dp_bh_MPa,t<=5yr,2.144296967754326
test,mlp_nophys,0,dp_bh_MPa,t>5yr,4.573602171568589
test,mlp_nophys,0,r95_m,all,97.4576683687679
test,mlp_nophys,0,r95_m,t<=5yr,59.243200534091194
test,mlp_nophys,0,r95_m,t>5yr,124.44371192724418
test,mlp_nophys,0,peak_dp_MPa,max,3.0160929614688707
test,mlp_nophys,1,dp_bh_MPa,all,3.550927884129093
test,mlp_nophys,1,dp_bh_MPa,t<=5yr,2.171778910985446
test,mlp_nophys,1,dp_bh_MPa,t>5yr,4.527864180645209
test,mlp_nophys,1,r95_m,all,95.30056684429142
test,mlp_nophys,1,r95_m,t<=5yr,57.89605040179161
test,mlp_nophys,1,r95_m,t>5yr,121.70638204120489
test,mlp_nophys,1,peak_dp_MPa,max,3.1159817131462617
test,mlp_nophys,2,dp_bh_MPa,all,3.5588147759311166
test,mlp_nophys,2,dp_bh_MPa,t<=5yr,2.268442812463515
test,mlp_nophys,2,dp_bh_MPa,t>5yr,4.492715484576551
test,mlp_nophys,2,r95_m,all,95.334687022038
test,mlp_nophys,2,r95_m,t<=5yr,56.714597352992456
test,mlp_nophys,2,r95_m,t>5yr,122.31459253199442
test,mlp_nophys,2,peak_dp_MPa,max,3.5276756004500767
test,mlp_nophys,3,dp_bh_MPa,all,3.586386093673997
test,mlp_nophys,3,dp_bh_MPa,t<=5yr,2.2908226090653288
test,mlp_nophys,3,dp_bh_MPa,t>5yr,4.525092507296573
test,mlp_nophys,3,r95_m,all,95.20199367201288
test,mlp_nophys,3,r95_m,t<=5yr,55.71721741806526
test,mlp_nophys,3,r95_m,t>5yr,122.56602662010383
test,mlp_nophys,3,peak_dp_MPa,max,3.508637015739795
test,mlp_nophys,4,dp_bh_MPa,all,3.5721648538016386
test,mlp_nophys,4,dp_bh_MPa,t<=5yr,2.16144156766295
test,mlp_nophys,4,dp_bh_MPa,t>5yr,4.56605889526735
test,mlp_nophys,4,r95_m,all,97.29819500042031
test,mlp_nophys,4,r95_m,t<=5yr,56.39629620382548
test,mlp_nophys,4,r95_m,t>5yr,125.51229133104856
test,mlp_nophys,4,peak_dp_MPa,max,3.057289030884484
shift_lowk,mean,0,dp_bh_MPa,all,4.507246750592543
shift_lowk,mean,0,dp_bh_MPa,t<=5yr,5.098981684784895
shift_lowk,mean,0,dp_bh_MPa,t>5yr,3.825040172296531
shift_lowk,mean,0,r95_m,all,100.6152633042859
shift_lowk,mean,0,r95_m,t<=5yr,87.44655798170726
shift_lowk,mean,0,r95_m,t>5yr,112.24955196673827
shift_lowk,mean,0,peak_dp_MPa,max,7.41793953043618
shift_lowk,ridge,0,dp_bh_MPa,all,2.1801568322131875
shift_lowk,ridge,0,dp_bh_MPa,t<=5yr,3.0248365500236503
shift_lowk,ridge,0,dp_bh_MPa,t>5yr,0.5971025638302876
shift_lowk,ridge,0,r95_m,all,19.419833303399045
shift_lowk,ridge,0,r95_m,t<=5yr,16.453178902022273
shift_lowk,ridge,0,r95_m,t>5yr,21.98983299349185
shift_lowk,ridge,0,peak_dp_MPa,max,5.752333695460618
shift_lowk,xgb,0,dp_bh_MPa,all,2.1222964727496976
shift_lowk,xgb,0,dp_bh_MPa,t<=5yr,2.9588058909195243
shift_lowk,xgb,0,dp_bh_MPa,t>5yr,0.5037383610085048
shift_lowk,xgb,0,r95_m,all,27.020645847970627
shift_lowk,xgb,0,r95_m,t<=5yr,20.51989416320039
shift_lowk,xgb,0,r95_m,t>5yr,32.23607525140055
shift_lowk,xgb,0,peak_dp_MPa,max,4.7724165543084895
shift_lowk,xgb,1,dp_bh_MPa,all,2.1156848894782696
shift_lowk,xgb,1,dp_bh_MPa,t<=5yr,2.948102157210823
shift_lowk,xgb,1,dp_bh_MPa,t>5yr,0.510821665341482
shift_lowk,xgb,1,r95_m,all,26.94210251426258
shift_lowk,xgb,1,r95_m,t<=5yr,20.772209667822892
shift_lowk,xgb,1,r95_m,t>5yr,31.941651198616412
shift_lowk,xgb,1,peak_dp_MPa,max,4.746445044482466
shift_lowk,xgb,2,dp_bh_MPa,all,2.104439673638616
shift_lowk,xgb,2,dp_bh_MPa,t<=5yr,2.9326879843145366
shift_lowk,xgb,2,dp_bh_MPa,t>5yr,0.5066299109069157
shift_lowk,xgb,2,r95_m,all,26.5524462329167
shift_lowk,xgb,2,r95_m,t<=5yr,20.202626693790016
shift_lowk,xgb,2,r95_m,t>5yr,31.653099004287526
shift_lowk,xgb,2,peak_dp_MPa,max,4.736652885856323
shift_lowk,xgb,3,dp_bh_MPa,all,2.0903554265210778
shift_lowk,xgb,3,dp_bh_MPa,t<=5yr,2.9109449724572247
shift_lowk,xgb,3,dp_bh_MPa,t>5yr,0.5153357989682472
shift_lowk,xgb,3,r95_m,all,26.601753955120028
shift_lowk,xgb,3,r95_m,t<=5yr,20.39336432864672
shift_lowk,xgb,3,r95_m,t>5yr,31.613562253193926
shift_lowk,xgb,3,peak_dp_MPa,max,4.71924866472406
shift_lowk,xgb,4,dp_bh_MPa,all,2.0993906314446753
shift_lowk,xgb,4,dp_bh_MPa,t<=5yr,2.9221357392848817
shift_lowk,xgb,4,dp_bh_MPa,t>5yr,0.5253615592992534
shift_lowk,xgb,4,r95_m,all,27.226686397871415
shift_lowk,xgb,4,r95_m,t<=5yr,20.803255006987726
shift_lowk,xgb,4,r95_m,t>5yr,32.400763656591685
shift_lowk,xgb,4,peak_dp_MPa,max,4.7187239879148235
shift_lowk,xgb_nophys,0,dp_bh_MPa,all,3.234845867535777
shift_lowk,xgb_nophys,0,dp_bh_MPa,t<=5yr,3.168211094194032
shift_lowk,xgb_nophys,0,dp_bh_MPa,t>5yr,3.300135457227846
shift_lowk,xgb_nophys,0,r95_m,all,78.99569430684542
shift_lowk,xgb_nophys,0,r95_m,t<=5yr,54.504648434533905
shift_lowk,xgb_nophys,0,r95_m,t>5yr,97.5186276414358
shift_lowk,xgb_nophys,0,peak_dp_MPa,max,5.225206668799396
shift_lowk,xgb_nophys,1,dp_bh_MPa,all,3.284601184991031
shift_lowk,xgb_nophys,1,dp_bh_MPa,t<=5yr,3.263359813988906
shift_lowk,xgb_nophys,1,dp_bh_MPa,t>5yr,3.3057060688045543
shift_lowk,xgb_nophys,1,r95_m,all,80.08656529638785
shift_lowk,xgb_nophys,1,r95_m,t<=5yr,55.49221818496706
shift_lowk,xgb_nophys,1,r95_m,t>5yr,98.73362954362207
shift_lowk,xgb_nophys,1,peak_dp_MPa,max,5.389447212971396
shift_lowk,xgb_nophys,2,dp_bh_MPa,all,3.214151006756572
shift_lowk,xgb_nophys,2,dp_bh_MPa,t<=5yr,3.127314131282694
shift_lowk,xgb_nophys,2,dp_bh_MPa,t>5yr,3.2987027317944455
shift_lowk,xgb_nophys,2,r95_m,all,79.33392250720607
shift_lowk,xgb_nophys,2,r95_m,t<=5yr,53.65814342936835
shift_lowk,xgb_nophys,2,r95_m,t>5yr,98.53195504237237
shift_lowk,xgb_nophys,2,peak_dp_MPa,max,5.114415888917969
shift_lowk,xgb_nophys,3,dp_bh_MPa,all,3.256062371469718
shift_lowk,xgb_nophys,3,dp_bh_MPa,t<=5yr,3.2267205778808954
shift_lowk,xgb_nophys,3,dp_bh_MPa,t>5yr,3.2851421043970057
shift_lowk,xgb_nophys,3,r95_m,all,80.56347674392097
shift_lowk,xgb_nophys,3,r95_m,t<=5yr,56.0172887456605
shift_lowk,xgb_nophys,3,r95_m,t>5yr,99.21194954097965
shift_lowk,xgb_nophys,3,peak_dp_MPa,max,5.338133638276003
shift_lowk,xgb_nophys,4,dp_bh_MPa,all,3.2459880633960845
shift_lowk,xgb_nophys,4,dp_bh_MPa,t<=5yr,3.190556022045569
shift_lowk,xgb_nophys,4,dp_bh_MPa,t>5yr,3.3004892494308304
shift_lowk,xgb_nophys,4,r95_m,all,80.20179117950318
shift_lowk,xgb_nophys,4,r95_m,t<=5yr,54.21818651655219
shift_lowk,xgb_nophys,4,r95_m,t>5yr,99.62450937223039
shift_lowk,xgb_nophys,4,peak_dp_MPa,max,5.285811904394302
shift_lowk,lstm,0,dp_bh_MPa,all,1.7880601268162517
shift_lowk,lstm,0,dp_bh_MPa,t<=5yr,2.4360303491721615
shift_lowk,lstm,0,dp_bh_MPa,t>5yr,0.6782876765299921
shift_lowk,lstm,0,r95_m,all,23.464001695598245
shift_lowk,lstm,0,r95_m,t<=5yr,17.926892933256525
shift_lowk,lstm,0,r95_m,t>5yr,27.923919153686718
shift_lowk,lstm,0,peak_dp_MPa,max,3.8989641676493747
shift_lowk,lstm,1,dp_bh_MPa,all,1.8829599987410381
shift_lowk,lstm,1,dp_bh_MPa,t<=5yr,2.5750464942315965
shift_lowk,lstm,1,dp_bh_MPa,t>5yr,0.6783894650296879
shift_lowk,lstm,1,r95_m,all,17.59953748911652
shift_lowk,lstm,1,r95_m,t<=5yr,12.177042889066962
shift_lowk,lstm,1,r95_m,t>5yr,21.70730444204115
shift_lowk,lstm,1,peak_dp_MPa,max,4.083843062451605
shift_lowk,lstm,2,dp_bh_MPa,all,1.760767149369168
shift_lowk,lstm,2,dp_bh_MPa,t<=5yr,2.422331166233209
shift_lowk,lstm,2,dp_bh_MPa,t>5yr,0.5769866806872694
shift_lowk,lstm,2,r95_m,all,21.404766087062537
shift_lowk,lstm,2,r95_m,t<=5yr,18.19326828201857
shift_lowk,lstm,2,r95_m,t>5yr,24.19365643515304
shift_lowk,lstm,2,peak_dp_MPa,max,3.6889505738965935
shift_lowk,lstm,3,dp_bh_MPa,all,1.7526447435258854
shift_lowk,lstm,3,dp_bh_MPa,t<=5yr,2.4161786190545063
shift_lowk,lstm,3,dp_bh_MPa,t>5yr,0.5528183018331543
shift_lowk,lstm,3,r95_m,all,25.54895161183633
shift_lowk,lstm,3,r95_m,t<=5yr,20.776974769113316
shift_lowk,lstm,3,r95_m,t>5yr,29.560364956670224
shift_lowk,lstm,3,peak_dp_MPa,max,3.7251212788550205
shift_lowk,lstm,4,dp_bh_MPa,all,1.7583346315266732
shift_lowk,lstm,4,dp_bh_MPa,t<=5yr,2.436247366840369
shift_lowk,lstm,4,dp_bh_MPa,t>5yr,0.4981767963438819
shift_lowk,lstm,4,r95_m,all,21.50358479713504
shift_lowk,lstm,4,r95_m,t<=5yr,17.39616006556476
shift_lowk,lstm,4,r95_m,t>5yr,24.943574988930607
shift_lowk,lstm,4,peak_dp_MPa,max,3.7928319113231668
shift_lowk,mlp,0,dp_bh_MPa,all,1.3527131062477833
shift_lowk,mlp,0,dp_bh_MPa,t<=5yr,1.8428671883307555
shift_lowk,mlp,0,dp_bh_MPa,t>5yr,0.5133283761910592
shift_lowk,mlp,0,r95_m,all,19.227059751156748
shift_lowk,mlp,0,r95_m,t<=5yr,15.996163679517775
shift_lowk,mlp,0,r95_m,t>5yr,21.98823323705613
shift_lowk,mlp,0,peak_dp_MPa,max,2.6758305435036034
shift_lowk,mlp,1,dp_bh_MPa,all,1.4551993155300222
shift_lowk,mlp,1,dp_bh_MPa,t<=5yr,1.9887551854449268
shift_lowk,mlp,1,dp_bh_MPa,t>5yr,0.5292097015399522
shift_lowk,mlp,1,r95_m,all,20.036970173070777
shift_lowk,mlp,1,r95_m,t<=5yr,15.902790479277158
shift_lowk,mlp,1,r95_m,t>5yr,23.453392130036704
shift_lowk,mlp,1,peak_dp_MPa,max,2.8709620025092613
shift_lowk,mlp,2,dp_bh_MPa,all,1.5326272551799422
shift_lowk,mlp,2,dp_bh_MPa,t<=5yr,2.1209584442482785
shift_lowk,mlp,2,dp_bh_MPa,t>5yr,0.4465734927340954
shift_lowk,mlp,2,r95_m,all,18.126279429387527
shift_lowk,mlp,2,r95_m,t<=5yr,16.64203237270026
shift_lowk,mlp,2,r95_m,t>5yr,19.497865791169847
shift_lowk,mlp,2,peak_dp_MPa,max,2.9657831874291727
shift_lowk,mlp,3,dp_bh_MPa,all,1.4154242570509434
shift_lowk,mlp,3,dp_bh_MPa,t<=5yr,1.9407692698557382
shift_lowk,mlp,3,dp_bh_MPa,t>5yr,0.4901696605054775
shift_lowk,mlp,3,r95_m,all,15.876746168166298
shift_lowk,mlp,3,r95_m,t<=5yr,12.27890433468851
shift_lowk,mlp,3,r95_m,t>5yr,18.798155391323217
shift_lowk,mlp,3,peak_dp_MPa,max,2.873011930437533
shift_lowk,mlp,4,dp_bh_MPa,all,1.3852800563697052
shift_lowk,mlp,4,dp_bh_MPa,t<=5yr,1.883795801624132
shift_lowk,mlp,4,dp_bh_MPa,t>5yr,0.5378801417923893
shift_lowk,mlp,4,r95_m,all,16.95797308265784
shift_lowk,mlp,4,r95_m,t<=5yr,13.089800611952313
shift_lowk,mlp,4,r95_m,t>5yr,20.094845659612034
shift_lowk,mlp,4,peak_dp_MPa,max,2.6573533699975105
shift_lowk,lstm_h16,0,dp_bh_MPa,all,1.8489555332895937
shift_lowk,lstm_h16,0,dp_bh_MPa,t<=5yr,2.571715191327939
shift_lowk,lstm_h16,0,dp_bh_MPa,t>5yr,0.47281508315356635
shift_lowk,lstm_h16,0,r95_m,all,20.019520483564207
shift_lowk,lstm_h16,0,r95_m,t<=5yr,15.706530774905325
shift_lowk,lstm_h16,0,r95_m,t>5yr,23.55562123571879
shift_lowk,lstm_h16,0,peak_dp_MPa,max,3.9687068869151934
shift_lowk,lstm_h16,1,dp_bh_MPa,all,1.7479864893763772
shift_lowk,lstm_h16,1,dp_bh_MPa,t<=5yr,2.4127426171667703
shift_lowk,lstm_h16,1,dp_bh_MPa,t>5yr,0.5381325091387335
shift_lowk,lstm_h16,1,r95_m,all,19.133712019522847
shift_lowk,lstm_h16,1,r95_m,t<=5yr,20.01581839779905
shift_lowk,lstm_h16,1,r95_m,t>5yr,18.208923228966484
shift_lowk,lstm_h16,1,peak_dp_MPa,max,3.67646626387081
shift_lowk,lstm_h16,2,dp_bh_MPa,all,1.718194357538855
shift_lowk,lstm_h16,2,dp_bh_MPa,t<=5yr,2.3821931552502402
shift_lowk,lstm_h16,2,dp_bh_MPa,t>5yr,0.47910277773732673
shift_lowk,lstm_h16,2,r95_m,all,21.777635016270178
shift_lowk,lstm_h16,2,r95_m,t<=5yr,18.04634031215848
shift_lowk,lstm_h16,2,r95_m,t>5yr,24.957170816050404
shift_lowk,lstm_h16,2,peak_dp_MPa,max,3.626708408906567
shift_lowk,lstm_h16,3,dp_bh_MPa,all,1.7105123625418808
shift_lowk,lstm_h16,3,dp_bh_MPa,t<=5yr,2.3482589968750105
shift_lowk,lstm_h16,3,dp_bh_MPa,t>5yr,0.5808483179047536
shift_lowk,lstm_h16,3,r95_m,all,22.686092285887547
shift_lowk,lstm_h16,3,r95_m,t<=5yr,16.706468470161532
shift_lowk,lstm_h16,3,r95_m,t>5yr,27.389988639338856
shift_lowk,lstm_h16,3,peak_dp_MPa,max,3.6773791533720788
shift_lowk,lstm_h16,4,dp_bh_MPa,all,1.8732708150043693
shift_lowk,lstm_h16,4,dp_bh_MPa,t<=5yr,2.584220901968946
shift_lowk,lstm_h16,4,dp_bh_MPa,t>5yr,0.5831718636226148
shift_lowk,lstm_h16,4,r95_m,all,20.19309625627058
shift_lowk,lstm_h16,4,r95_m,t<=5yr,17.37228591409108
shift_lowk,lstm_h16,4,r95_m,t>5yr,22.665523487206077
shift_lowk,lstm_h16,4,peak_dp_MPa,max,3.876651450690419
shift_lowk,lstm_h128x2,0,dp_bh_MPa,all,1.756042982621487
shift_lowk,lstm_h128x2,0,dp_bh_MPa,t<=5yr,2.399150838564439
shift_lowk,lstm_h128x2,0,dp_bh_MPa,t>5yr,0.6414430352290706
shift_lowk,lstm_h128x2,0,r95_m,all,18.79318382063326
shift_lowk,lstm_h128x2,0,r95_m,t<=5yr,13.77611426035005
shift_lowk,lstm_h128x2,0,r95_m,t>5yr,22.72853255531477
shift_lowk,lstm_h128x2,0,peak_dp_MPa,max,3.646009572710125
shift_lowk,lstm_h128x2,1,dp_bh_MPa,all,1.79677094749514
shift_lowk,lstm_h128x2,1,dp_bh_MPa,t<=5yr,2.4884352735030193
shift_lowk,lstm_h128x2,1,dp_bh_MPa,t>5yr,0.5142582669351254
shift_lowk,lstm_h128x2,1,r95_m,all,19.816228024946763
shift_lowk,lstm_h128x2,1,r95_m,t<=5yr,13.39105372164681
shift_lowk,lstm_h128x2,1,r95_m,t>5yr,24.617990707962743
shift_lowk,lstm_h128x2,1,peak_dp_MPa,max,3.9351306655247127
shift_lowk,lstm_h128x2,2,dp_bh_MPa,all,1.7357498762983752
shift_lowk,lstm_h128x2,2,dp_bh_MPa,t<=5yr,2.413381760639599
shift_lowk,lstm_h128x2,2,dp_bh_MPa,t>5yr,0.4486019879043749
shift_lowk,lstm_h128x2,2,r95_m,all,19.152713292200694
shift_lowk,lstm_h128x2,2,r95_m,t<=5yr,13.844572960626046
shift_lowk,lstm_h128x2,2,r95_m,t>5yr,23.280477925600767
shift_lowk,lstm_h128x2,2,peak_dp_MPa,max,3.6876998164371235
shift_lowk,lstm_h128x2,3,dp_bh_MPa,all,1.932205156003631
shift_lowk,lstm_h128x2,3,dp_bh_MPa,t<=5yr,2.6871608746409152
shift_lowk,lstm_h128x2,3,dp_bh_MPa,t>5yr,0.49598383398363227
shift_lowk,lstm_h128x2,3,r95_m,all,16.772425263778796
shift_lowk,lstm_h128x2,3,r95_m,t<=5yr,11.501471622612865
shift_lowk,lstm_h128x2,3,r95_m,t>5yr,20.744749913467775
shift_lowk,lstm_h128x2,3,peak_dp_MPa,max,4.256764989867554
shift_lowk,lstm_h128x2,4,dp_bh_MPa,all,1.73828420309886
shift_lowk,lstm_h128x2,4,dp_bh_MPa,t<=5yr,2.4004759408224263
shift_lowk,lstm_h128x2,4,dp_bh_MPa,t>5yr,0.5300747107896817
shift_lowk,lstm_h128x2,4,r95_m,all,17.36809551819776
shift_lowk,lstm_h128x2,4,r95_m,t<=5yr,12.633305171902911
shift_lowk,lstm_h128x2,4,r95_m,t>5yr,21.064213355643105
shift_lowk,lstm_h128x2,4,peak_dp_MPa,max,3.720319250818941
shift_lowk,lstm_nophys,0,dp_bh_MPa,all,1.826277789419994
shift_lowk,lstm_nophys,0,dp_bh_MPa,t<=5yr,2.4203156164336157
shift_lowk,lstm_nophys,0,dp_bh_MPa,t>5yr,0.9014729308776425
shift_lowk,lstm_nophys,0,r95_m,all,20.734559876733854
shift_lowk,lstm_nophys,0,r95_m,t<=5yr,18.611534070104323
shift_lowk,lstm_nophys,0,r95_m,t>5yr,22.65953984795519
shift_lowk,lstm_nophys,0,peak_dp_MPa,max,3.4528187000239683
shift_lowk,lstm_nophys,1,dp_bh_MPa,all,1.7587269298056878
shift_lowk,lstm_nophys,1,dp_bh_MPa,t<=5yr,2.3459312377505257
shift_lowk,lstm_nophys,1,dp_bh_MPa,t>5yr,0.826345844664186
shift_lowk,lstm_nophys,1,r95_m,all,21.436935166648766
shift_lowk,lstm_nophys,1,r95_m,t<=5yr,20.18407899972526
shift_lowk,lstm_nophys,1,r95_m,t>5yr,22.620506926482772
shift_lowk,lstm_nophys,1,peak_dp_MPa,max,3.3660212414506203
shift_lowk,lstm_nophys,2,dp_bh_MPa,all,1.6650340000443007
shift_lowk,lstm_nophys,2,dp_bh_MPa,t<=5yr,2.1921612709372247
shift_lowk,lstm_nophys,2,dp_bh_MPa,t>5yr,0.8597123965663978
shift_lowk,lstm_nophys,2,r95_m,all,23.524788342444847
shift_lowk,lstm_nophys,2,r95_m,t<=5yr,21.072937176351108
shift_lowk,lstm_nophys,2,r95_m,t>5yr,25.744177047930997
shift_lowk,lstm_nophys,2,peak_dp_MPa,max,3.326730530411535
shift_lowk,lstm_nophys,3,dp_bh_MPa,all,1.841327973687509
shift_lowk,lstm_nophys,3,dp_bh_MPa,t<=5yr,2.501082469254796
shift_lowk,lstm_nophys,3,dp_bh_MPa,t>5yr,0.7249578576404488
shift_lowk,lstm_nophys,3,r95_m,all,22.084618604702232
shift_lowk,lstm_nophys,3,r95_m,t<=5yr,18.43578838917739
shift_lowk,lstm_nophys,3,r95_m,t>5yr,25.210760882999782
shift_lowk,lstm_nophys,3,peak_dp_MPa,max,3.878123009593896
shift_lowk,lstm_nophys,4,dp_bh_MPa,all,1.7198286622094403
shift_lowk,lstm_nophys,4,dp_bh_MPa,t<=5yr,2.231836954477949
shift_lowk,lstm_nophys,4,dp_bh_MPa,t>5yr,0.9667083651964644
shift_lowk,lstm_nophys,4,r95_m,all,26.562437895381997
shift_lowk,lstm_nophys,4,r95_m,t<=5yr,21.523297602092374
shift_lowk,lstm_nophys,4,r95_m,t>5yr,30.78756038116395
shift_lowk,lstm_nophys,4,peak_dp_MPa,max,3.3464033052913824
shift_lowk,mlp_nophys,0,dp_bh_MPa,all,3.073828253968593
shift_lowk,mlp_nophys,0,dp_bh_MPa,t<=5yr,2.6750427395066687
shift_lowk,mlp_nophys,0,dp_bh_MPa,t>5yr,3.426512310149181
shift_lowk,mlp_nophys,0,r95_m,all,75.72706535150692
shift_lowk,mlp_nophys,0,r95_m,t<=5yr,50.92933885977981
shift_lowk,mlp_nophys,0,r95_m,t>5yr,94.20923148401393
shift_lowk,mlp_nophys,0,peak_dp_MPa,max,3.7396241758679016
shift_lowk,mlp_nophys,1,dp_bh_MPa,all,3.1660157556876944
shift_lowk,mlp_nophys,1,dp_bh_MPa,t<=5yr,2.8737426246669164
shift_lowk,mlp_nophys,1,dp_bh_MPa,t>5yr,3.433498923503246
shift_lowk,mlp_nophys,1,r95_m,all,75.61208631098603
shift_lowk,mlp_nophys,1,r95_m,t<=5yr,51.14036156588631
shift_lowk,mlp_nophys,1,r95_m,t>5yr,93.90973651070702
shift_lowk,mlp_nophys,1,peak_dp_MPa,max,4.827607746176314
shift_lowk,mlp_nophys,2,dp_bh_MPa,all,3.21253506036251
shift_lowk,mlp_nophys,2,dp_bh_MPa,t<=5yr,2.8702198518401763
shift_lowk,mlp_nophys,2,dp_bh_MPa,t>5yr,3.521732674440136
shift_lowk,mlp_nophys,2,r95_m,all,73.22076784500166
shift_lowk,mlp_nophys,2,r95_m,t<=5yr,44.62486712868364
shift_lowk,mlp_nophys,2,r95_m,t>5yr,93.44079901932874
shift_lowk,mlp_nophys,2,peak_dp_MPa,max,4.482640182959894
shift_lowk,mlp_nophys,3,dp_bh_MPa,all,3.2383410561208077
shift_lowk,mlp_nophys,3,dp_bh_MPa,t<=5yr,3.1412067596527877
shift_lowk,mlp_nophys,3,dp_bh_MPa,t>5yr,3.3326454483828445
shift_lowk,mlp_nophys,3,r95_m,all,74.80470324881698
shift_lowk,mlp_nophys,3,r95_m,t<=5yr,49.04010951080577
shift_lowk,mlp_nophys,3,r95_m,t>5yr,93.73662526171567
shift_lowk,mlp_nophys,3,peak_dp_MPa,max,4.926294713297235
shift_lowk,mlp_nophys,4,dp_bh_MPa,all,3.1556474864355137
shift_lowk,mlp_nophys,4,dp_bh_MPa,t<=5yr,2.851486587045979
shift_lowk,mlp_nophys,4,dp_bh_MPa,t>5yr,3.4329646606381523
shift_lowk,mlp_nophys,4,r95_m,all,73.22911734113967
shift_lowk,mlp_nophys,4,r95_m,t<=5yr,47.64140073656254
shift_lowk,mlp_nophys,4,r95_m,t>5yr,91.9527280127298
shift_lowk,mlp_nophys,4,peak_dp_MPa,max,4.3339456056106735
shift_shutin,mean,0,dp_bh_MPa,all,3.4299126123523727
shift_shutin,mean,0,dp_bh_MPa,t<=5yr,3.076501795187182
shift_shutin,mean,0,dp_bh_MPa,t>5yr,3.7501650311630024
shift_shutin,mean,0,r95_m,all,119.2830155633596
shift_shutin,mean,0,r95_m,t<=5yr,106.37564434120677
shift_shutin,mean,0,r95_m,t>5yr,130.92401572962257
shift_shutin,mean,0,peak_dp_MPa,max,4.216725347059424
shift_shutin,ridge,0,dp_bh_MPa,all,0.7685670576886973
shift_shutin,ridge,0,dp_bh_MPa,t<=5yr,0.8376443616788165
shift_shutin,ridge,0,dp_bh_MPa,t>5yr,0.6926345123340379
shift_shutin,ridge,0,r95_m,all,9.842782673677872
shift_shutin,ridge,0,r95_m,t<=5yr,9.656889853095901
shift_shutin,ridge,0,r95_m,t>5yr,10.025229168835997
shift_shutin,ridge,0,peak_dp_MPa,max,1.2829486677918502
shift_shutin,xgb,0,dp_bh_MPa,all,0.414590151610897
shift_shutin,xgb,0,dp_bh_MPa,t<=5yr,0.5109427171540989
shift_shutin,xgb,0,dp_bh_MPa,t>5yr,0.2875891642824527
shift_shutin,xgb,0,r95_m,all,12.899508762236803
shift_shutin,xgb,0,r95_m,t<=5yr,11.140057440434978
shift_shutin,xgb,0,r95_m,t>5yr,14.446237324572005
shift_shutin,xgb,0,peak_dp_MPa,max,0.6869037735746519
shift_shutin,xgb,1,dp_bh_MPa,all,0.42826171988180983
shift_shutin,xgb,1,dp_bh_MPa,t<=5yr,0.5287219391541614
shift_shutin,xgb,1,dp_bh_MPa,t>5yr,0.29541379874561513
shift_shutin,xgb,1,r95_m,all,13.341059730276049
shift_shutin,xgb,1,r95_m,t<=5yr,11.490473134035659
shift_shutin,xgb,1,r95_m,t>5yr,14.964517252808102
shift_shutin,xgb,1,peak_dp_MPa,max,0.6780381385440215
shift_shutin,xgb,2,dp_bh_MPa,all,0.42874723836203255
shift_shutin,xgb,2,dp_bh_MPa,t<=5yr,0.5272410756691699
shift_shutin,xgb,2,dp_bh_MPa,t>5yr,0.29944154176292204
shift_shutin,xgb,2,r95_m,all,13.012925825239687
shift_shutin,xgb,2,r95_m,t<=5yr,11.24258000943923
shift_shutin,xgb,2,r95_m,t>5yr,14.569724492856322
shift_shutin,xgb,2,peak_dp_MPa,max,0.6475286780202447
shift_shutin,xgb,3,dp_bh_MPa,all,0.42501415294263584
shift_shutin,xgb,3,dp_bh_MPa,t<=5yr,0.5283299658633217
shift_shutin,xgb,3,dp_bh_MPa,t>5yr,0.2866033977013422
shift_shutin,xgb,3,r95_m,all,13.083271998049565
shift_shutin,xgb,3,r95_m,t<=5yr,11.295456762766522
shift_shutin,xgb,3,r95_m,t>5yr,14.65457842690699
shift_shutin,xgb,3,peak_dp_MPa,max,0.7046345570430246
shift_shutin,xgb,4,dp_bh_MPa,all,0.42830197925813995
shift_shutin,xgb,4,dp_bh_MPa,t<=5yr,0.5234965820898074
shift_shutin,xgb,4,dp_bh_MPa,t>5yr,0.3046908259419206
shift_shutin,xgb,4,r95_m,all,13.46526779567567
shift_shutin,xgb,4,r95_m,t<=5yr,11.63939938491625
shift_shutin,xgb,4,r95_m,t>5yr,15.071537930049866
shift_shutin,xgb,4,peak_dp_MPa,max,0.6784742800264357
shift_shutin,xgb_nophys,0,dp_bh_MPa,all,2.8772434894521695
shift_shutin,xgb_nophys,0,dp_bh_MPa,t<=5yr,2.105464841454595
shift_shutin,xgb_nophys,0,dp_bh_MPa,t>5yr,3.4819646748047814
shift_shutin,xgb_nophys,0,r95_m,all,88.49988266728958
shift_shutin,xgb_nophys,0,r95_m,t<=5yr,63.59080853958235
shift_shutin,xgb_nophys,0,r95_m,t>5yr,107.79920005978815
shift_shutin,xgb_nophys,0,peak_dp_MPa,max,2.515587635089947
shift_shutin,xgb_nophys,1,dp_bh_MPa,all,2.8691642578317174
shift_shutin,xgb_nophys,1,dp_bh_MPa,t<=5yr,2.1086665863382326
shift_shutin,xgb_nophys,1,dp_bh_MPa,t>5yr,3.466660108014446
shift_shutin,xgb_nophys,1,r95_m,all,88.61361660029185
shift_shutin,xgb_nophys,1,r95_m,t<=5yr,63.4502361094523
shift_shutin,xgb_nophys,1,r95_m,t>5yr,108.06855986651158
shift_shutin,xgb_nophys,1,peak_dp_MPa,max,2.506620272771891
shift_shutin,xgb_nophys,2,dp_bh_MPa,all,2.8752748453098764
shift_shutin,xgb_nophys,2,dp_bh_MPa,t<=5yr,2.0988276548819313
shift_shutin,xgb_nophys,2,dp_bh_MPa,t>5yr,3.4827192461130543
shift_shutin,xgb_nophys,2,r95_m,all,87.97258732952545
shift_shutin,xgb_nophys,2,r95_m,t<=5yr,63.17997510881753
shift_shutin,xgb_nophys,2,r95_m,t>5yr,107.17575746478849
shift_shutin,xgb_nophys,2,peak_dp_MPa,max,2.5018345843095933
shift_shutin,xgb_nophys,3,dp_bh_MPa,all,2.8835442271366114
shift_shutin,xgb_nophys,3,dp_bh_MPa,t<=5yr,2.114810475551418
shift_shutin,xgb_nophys,3,dp_bh_MPa,t>5yr,3.4867221386574156
shift_shutin,xgb_nophys,3,r95_m,all,88.98974100671764
shift_shutin,xgb_nophys,3,r95_m,t<=5yr,63.51271700649034
shift_shutin,xgb_nophys,3,r95_m,t>5yr,108.64843665391065
shift_shutin,xgb_nophys,3,peak_dp_MPa,max,2.5035088199767292
shift_shutin,xgb_nophys,4,dp_bh_MPa,all,2.867642654393745
shift_shutin,xgb_nophys,4,dp_bh_MPa,t<=5yr,2.091204404543365
shift_shutin,xgb_nophys,4,dp_bh_MPa,t>5yr,3.474710480747315
shift_shutin,xgb_nophys,4,r95_m,all,88.20488976021737
shift_shutin,xgb_nophys,4,r95_m,t<=5yr,62.783458580366506
shift_shutin,xgb_nophys,4,r95_m,t>5yr,107.78887922189189
shift_shutin,xgb_nophys,4,peak_dp_MPa,max,2.5235599840676235
shift_shutin,lstm,0,dp_bh_MPa,all,0.4744189283298586
shift_shutin,lstm,0,dp_bh_MPa,t<=5yr,0.5452926932872957
shift_shutin,lstm,0,dp_bh_MPa,t>5yr,0.39089962619934826
shift_shutin,lstm,0,r95_m,all,10.29520283514759
shift_shutin,lstm,0,r95_m,t<=5yr,9.780705031959682
shift_shutin,lstm,0,r95_m,t>5yr,10.785184834367026
shift_shutin,lstm,0,peak_dp_MPa,max,0.7490225646857489
shift_shutin,lstm,1,dp_bh_MPa,all,0.5115957107001878
shift_shutin,lstm,1,dp_bh_MPa,t<=5yr,0.5931599239973232
shift_shutin,lstm,1,dp_bh_MPa,t>5yr,0.41427243086784105
shift_shutin,lstm,1,r95_m,all,12.470612563348878
shift_shutin,lstm,1,r95_m,t<=5yr,11.735028658716793
shift_shutin,lstm,1,r95_m,t>5yr,13.165160758205928
shift_shutin,lstm,1,peak_dp_MPa,max,0.8485193232136726
shift_shutin,lstm,2,dp_bh_MPa,all,0.4616868086171991
shift_shutin,lstm,2,dp_bh_MPa,t<=5yr,0.5609534378737713
shift_shutin,lstm,2,dp_bh_MPa,t>5yr,0.3341267110541531
shift_shutin,lstm,2,r95_m,all,11.06968161197638
shift_shutin,lstm,2,r95_m,t<=5yr,10.155052211086108
shift_shutin,lstm,2,r95_m,t>5yr,11.914303024985184
shift_shutin,lstm,2,peak_dp_MPa,max,0.7991332172959976
shift_shutin,lstm,3,dp_bh_MPa,all,0.5104910005980521
shift_shutin,lstm,3,dp_bh_MPa,t<=5yr,0.608295789432611
shift_shutin,lstm,3,dp_bh_MPa,t>5yr,0.38881660965261944
shift_shutin,lstm,3,r95_m,all,12.18808538051196
shift_shutin,lstm,3,r95_m,t<=5yr,12.003943126557687
shift_shutin,lstm,3,r95_m,t>5yr,12.369486646569746
shift_shutin,lstm,3,peak_dp_MPa,max,0.8230581813356562
shift_shutin,lstm,4,dp_bh_MPa,all,0.5256641308186984
shift_shutin,lstm,4,dp_bh_MPa,t<=5yr,0.6057751763742858
shift_shutin,lstm,4,dp_bh_MPa,t>5yr,0.4309083342747717
shift_shutin,lstm,4,r95_m,all,13.21777165584977
shift_shutin,lstm,4,r95_m,t<=5yr,13.127603334451443
shift_shutin,lstm,4,r95_m,t>5yr,13.307329025227808
shift_shutin,lstm,4,peak_dp_MPa,max,0.8552262902131494
shift_shutin,mlp,0,dp_bh_MPa,all,0.49179337353954306
shift_shutin,mlp,0,dp_bh_MPa,t<=5yr,0.5791157757508976
shift_shutin,mlp,0,dp_bh_MPa,t>5yr,0.385157581765237
shift_shutin,mlp,0,r95_m,all,11.615260063303886
shift_shutin,mlp,0,r95_m,t<=5yr,11.69014810720742
shift_shutin,mlp,0,r95_m,t>5yr,11.539886043974574
shift_shutin,mlp,0,peak_dp_MPa,max,0.8084683908405815
shift_shutin,mlp,1,dp_bh_MPa,all,0.47989044048238716
shift_shutin,mlp,1,dp_bh_MPa,t<=5yr,0.5665533290965158
shift_shutin,mlp,1,dp_bh_MPa,t>5yr,0.3736401946022593
shift_shutin,mlp,1,r95_m,all,11.614402661901154
shift_shutin,mlp,1,r95_m,t<=5yr,11.135219173559276
shift_shutin,mlp,1,r95_m,t>5yr,12.07458456189492
shift_shutin,mlp,1,peak_dp_MPa,max,0.7883919742524864
shift_shutin,mlp,2,dp_bh_MPa,all,0.47673137422689654
shift_shutin,mlp,2,dp_bh_MPa,t<=5yr,0.5576087657450876
shift_shutin,mlp,2,dp_bh_MPa,t>5yr,0.37896974906814207
shift_shutin,mlp,2,r95_m,all,10.15572665933838
shift_shutin,mlp,2,r95_m,t<=5yr,9.470165197236986
shift_shutin,mlp,2,r95_m,t>5yr,10.79784881795601
shift_shutin,mlp,2,peak_dp_MPa,max,0.7429627467475948
shift_shutin,mlp,3,dp_bh_MPa,all,0.5646758445011894
shift_shutin,mlp,3,dp_bh_MPa,t<=5yr,0.7039113774055568
shift_shutin,mlp,3,dp_bh_MPa,t>5yr,0.3771291443063962
shift_shutin,mlp,3,r95_m,all,10.366320905334819
shift_shutin,mlp,3,r95_m,t<=5yr,10.374529628209793
shift_shutin,mlp,3,r95_m,t>5yr,10.358105677109139
shift_shutin,mlp,3,peak_dp_MPa,max,1.0500736422449763
shift_shutin,mlp,4,dp_bh_MPa,all,0.5002779181601745
shift_shutin,mlp,4,dp_bh_MPa,t<=5yr,0.5905673070399557
shift_shutin,mlp,4,dp_bh_MPa,t>5yr,0.38959754446470934
shift_shutin,mlp,4,r95_m,all,14.202393047744678
shift_shutin,mlp,4,r95_m,t<=5yr,14.560713559175612
shift_shutin,mlp,4,r95_m,t>5yr,13.834795163387577
shift_shutin,mlp,4,peak_dp_MPa,max,0.8481784962828949
shift_shutin,lstm_h16,0,dp_bh_MPa,all,0.46788130253035903
shift_shutin,lstm_h16,0,dp_bh_MPa,t<=5yr,0.5626350494752012
shift_shutin,lstm_h16,0,dp_bh_MPa,t>5yr,0.3482350177926519
shift_shutin,lstm_h16,0,r95_m,all,11.984815380886625
shift_shutin,lstm_h16,0,r95_m,t<=5yr,11.412544097621659
shift_shutin,lstm_h16,0,r95_m,t>5yr,12.530979077778172
shift_shutin,lstm_h16,0,peak_dp_MPa,max,0.7311855718209228
shift_shutin,lstm_h16,1,dp_bh_MPa,all,0.4548283343009268
shift_shutin,lstm_h16,1,dp_bh_MPa,t<=5yr,0.5461150885944563
shift_shutin,lstm_h16,1,dp_bh_MPa,t>5yr,0.3398469322730166
shift_shutin,lstm_h16,1,r95_m,all,11.09451179510067
shift_shutin,lstm_h16,1,r95_m,t<=5yr,10.74300243184385
shift_shutin,lstm_h16,1,r95_m,t>5yr,11.435221147518437
shift_shutin,lstm_h16,1,peak_dp_MPa,max,0.7689686355846008
shift_shutin,lstm_h16,2,dp_bh_MPa,all,0.5053205392005922
shift_shutin,lstm_h16,2,dp_bh_MPa,t<=5yr,0.5843473556470182
shift_shutin,lstm_h16,2,dp_bh_MPa,t>5yr,0.4113828662259667
shift_shutin,lstm_h16,2,r95_m,all,11.049307214836475
shift_shutin,lstm_h16,2,r95_m,t<=5yr,10.204844335065422
shift_shutin,lstm_h16,2,r95_m,t>5yr,11.833660969993938
shift_shutin,lstm_h16,2,peak_dp_MPa,max,0.7895651206837216
shift_shutin,lstm_h16,3,dp_bh_MPa,all,0.5546455879541585
shift_shutin,lstm_h16,3,dp_bh_MPa,t<=5yr,0.649826511057198
shift_shutin,lstm_h16,3,dp_bh_MPa,t>5yr,0.4393050898877199
shift_shutin,lstm_h16,3,r95_m,all,11.16830581275974
shift_shutin,lstm_h16,3,r95_m,t<=5yr,10.776644367767618
shift_shutin,lstm_h16,3,r95_m,t>5yr,11.546689812466104
shift_shutin,lstm_h16,3,peak_dp_MPa,max,0.9062244688799247
shift_shutin,lstm_h16,4,dp_bh_MPa,all,0.4607171749142508
shift_shutin,lstm_h16,4,dp_bh_MPa,t<=5yr,0.5520989095338786
shift_shutin,lstm_h16,4,dp_bh_MPa,t>5yr,0.3459876076009644
shift_shutin,lstm_h16,4,r95_m,all,10.361168751324659
shift_shutin,lstm_h16,4,r95_m,t<=5yr,9.533313456038787
shift_shutin,lstm_h16,4,r95_m,t>5yr,11.127603980002299
shift_shutin,lstm_h16,4,peak_dp_MPa,max,0.7975926034788776
shift_shutin,lstm_h128x2,0,dp_bh_MPa,all,0.5056937125589875
shift_shutin,lstm_h128x2,0,dp_bh_MPa,t<=5yr,0.604584761212969
shift_shutin,lstm_h128x2,0,dp_bh_MPa,t>5yr,0.3820072359948711
shift_shutin,lstm_h128x2,0,r95_m,all,12.04411528043518
shift_shutin,lstm_h128x2,0,r95_m,t<=5yr,12.157976445919047
shift_shutin,lstm_h128x2,0,r95_m,t>5yr,11.929167385752539
shift_shutin,lstm_h128x2,0,peak_dp_MPa,max,0.8495855918722282
shift_shutin,lstm_h128x2,1,dp_bh_MPa,all,0.5206466767204949
shift_shutin,lstm_h128x2,1,dp_bh_MPa,t<=5yr,0.6157392822212016
shift_shutin,lstm_h128x2,1,dp_bh_MPa,t>5yr,0.4037462820756504
shift_shutin,lstm_h128x2,1,r95_m,all,11.994734526002206
shift_shutin,lstm_h128x2,1,r95_m,t<=5yr,11.16755491562989
shift_shutin,lstm_h128x2,1,r95_m,t>5yr,12.768438820189782
shift_shutin,lstm_h128x2,1,peak_dp_MPa,max,0.9098292003135041
shift_shutin,lstm_h128x2,2,dp_bh_MPa,all,0.518137103506718
shift_shutin,lstm_h128x2,2,dp_bh_MPa,t<=5yr,0.6401734279180799
shift_shutin,lstm_h128x2,2,dp_bh_MPa,t>5yr,0.3565250317274763
shift_shutin,lstm_h128x2,2,r95_m,all,11.309962990111845
shift_shutin,lstm_h128x2,2,r95_m,t<=5yr,11.00688919926303
shift_shutin,lstm_h128x2,2,r95_m,t>5yr,11.605124550410746
shift_shutin,lstm_h128x2,2,peak_dp_MPa,max,0.8874398207915623
shift_shutin,lstm_h128x2,3,dp_bh_MPa,all,0.5384107671733472
shift_shutin,lstm_h128x2,3,dp_bh_MPa,t<=5yr,0.655949313613593
shift_shutin,lstm_h128x2,3,dp_bh_MPa,t>5yr,0.38665592764917084
shift_shutin,lstm_h128x2,3,r95_m,all,12.159142161326576
shift_shutin,lstm_h128x2,3,r95_m,t<=5yr,11.568611783007873
shift_shutin,lstm_h128x2,3,r95_m,t>5yr,12.72229136644616
shift_shutin,lstm_h128x2,3,peak_dp_MPa,max,0.9415749048518869
shift_shutin,lstm_h128x2,4,dp_bh_MPa,all,0.4843260505518132
shift_shutin,lstm_h128x2,4,dp_bh_MPa,t<=5yr,0.5862220642604329
shift_shutin,lstm_h128x2,4,dp_bh_MPa,t>5yr,0.3542416376719032
shift_shutin,lstm_h128x2,4,r95_m,all,12.393664697155327
shift_shutin,lstm_h128x2,4,r95_m,t<=5yr,11.557743433388085
shift_shutin,lstm_h128x2,4,r95_m,t>5yr,13.176661791933606
shift_shutin,lstm_h128x2,4,peak_dp_MPa,max,0.8541404051660656
shift_shutin,lstm_nophys,0,dp_bh_MPa,all,0.6660120752992607
shift_shutin,lstm_nophys,0,dp_bh_MPa,t<=5yr,0.7703935590186324
shift_shutin,lstm_nophys,0,dp_bh_MPa,t>5yr,0.54188368965255
shift_shutin,lstm_nophys,0,r95_m,all,16.615732990233752
shift_shutin,lstm_nophys,0,r95_m,t<=5yr,14.39459374476
shift_shutin,lstm_nophys,0,r95_m,t>5yr,18.573121345880473
shift_shutin,lstm_nophys,0,peak_dp_MPa,max,1.1210673869384415
shift_shutin,lstm_nophys,1,dp_bh_MPa,all,0.6327747505299032
shift_shutin,lstm_nophys,1,dp_bh_MPa,t<=5yr,0.7443962379254306
shift_shutin,lstm_nophys,1,dp_bh_MPa,t>5yr,0.4966709280588385
shift_shutin,lstm_nophys,1,r95_m,all,13.517668257549314
shift_shutin,lstm_nophys,1,r95_m,t<=5yr,12.230186676560777
shift_shutin,lstm_nophys,1,r95_m,t>5yr,14.692761622608183
shift_shutin,lstm_nophys,1,peak_dp_MPa,max,1.102632180471624
shift_shutin,lstm_nophys,2,dp_bh_MPa,all,0.6413388290196135
shift_shutin,lstm_nophys,2,dp_bh_MPa,t<=5yr,0.6783844405618193
shift_shutin,lstm_nophys,2,dp_bh_MPa,t>5yr,0.6020178884552564
shift_shutin,lstm_nophys,2,r95_m,all,16.421511518340985
shift_shutin,lstm_nophys,2,r95_m,t<=5yr,13.096054451690105
shift_shutin,lstm_nophys,2,r95_m,t>5yr,19.178775740186833
shift_shutin,lstm_nophys,2,peak_dp_MPa,max,0.9495481746674286
shift_shutin,lstm_nophys,3,dp_bh_MPa,all,0.6633979128315193
shift_shutin,lstm_nophys,3,dp_bh_MPa,t<=5yr,0.683717715384065
shift_shutin,lstm_nophys,3,dp_bh_MPa,t>5yr,0.6424357299905004
shift_shutin,lstm_nophys,3,r95_m,all,18.25012824360802
shift_shutin,lstm_nophys,3,r95_m,t<=5yr,14.693497602501921
shift_shutin,lstm_nophys,3,r95_m,t>5yr,21.21875326265775
shift_shutin,lstm_nophys,3,peak_dp_MPa,max,0.9938821719555663
shift_shutin,lstm_nophys,4,dp_bh_MPa,all,0.5368496565831333
shift_shutin,lstm_nophys,4,dp_bh_MPa,t<=5yr,0.6090157560162054
shift_shutin,lstm_nophys,4,dp_bh_MPa,t>5yr,0.4533375304018697
shift_shutin,lstm_nophys,4,r95_m,all,13.55918763327383
shift_shutin,lstm_nophys,4,r95_m,t<=5yr,11.918591503296117
shift_shutin,lstm_nophys,4,r95_m,t>5yr,15.021661530144042
shift_shutin,lstm_nophys,4,peak_dp_MPa,max,0.8752202347040695
shift_shutin,mlp_nophys,0,dp_bh_MPa,all,2.9473135663642487
shift_shutin,mlp_nophys,0,dp_bh_MPa,t<=5yr,2.2533936172389306
shift_shutin,mlp_nophys,0,dp_bh_MPa,t>5yr,3.50649849889264
shift_shutin,mlp_nophys,0,r95_m,all,89.38303870775583
shift_shutin,mlp_nophys,0,r95_m,t<=5yr,68.0184170344075
shift_shutin,mlp_nophys,0,r95_m,t>5yr,106.54646949288268
shift_shutin,mlp_nophys,0,peak_dp_MPa,max,2.582617137093051
shift_shutin,mlp_nophys,1,dp_bh_MPa,all,2.937426762189999
shift_shutin,mlp_nophys,1,dp_bh_MPa,t<=5yr,2.204465195178674
shift_shutin,mlp_nophys,1,dp_bh_MPa,t>5yr,3.5209778712320663
shift_shutin,mlp_nophys,1,r95_m,all,88.95377068275995
shift_shutin,mlp_nophys,1,r95_m,t<=5yr,64.5855027745414
shift_shutin,mlp_nophys,1,r95_m,t>5yr,107.95489552920607
shift_shutin,mlp_nophys,1,peak_dp_MPa,max,2.535255706616084
shift_shutin,mlp_nophys,2,dp_bh_MPa,all,2.9678764782193485
shift_shutin,mlp_nophys,2,dp_bh_MPa,t<=5yr,2.2330678573955516
shift_shutin,mlp_nophys,2,dp_bh_MPa,t>5yr,3.5538696549257693
shift_shutin,mlp_nophys,2,r95_m,all,89.8018858917603
shift_shutin,mlp_nophys,2,r95_m,t<=5yr,65.0455278752233
shift_shutin,mlp_nophys,2,r95_m,t>5yr,109.07720533121035
shift_shutin,mlp_nophys,2,peak_dp_MPa,max,2.8072432538827985
shift_shutin,mlp_nophys,3,dp_bh_MPa,all,3.01057160665302
shift_shutin,mlp_nophys,3,dp_bh_MPa,t<=5yr,2.3110496089826613
shift_shutin,mlp_nophys,3,dp_bh_MPa,t>5yr,3.5757701970892626
shift_shutin,mlp_nophys,3,r95_m,all,90.7227697507249
shift_shutin,mlp_nophys,3,r95_m,t<=5yr,64.71423868829183
shift_shutin,mlp_nophys,3,r95_m,t>5yr,110.7849683552822
shift_shutin,mlp_nophys,3,peak_dp_MPa,max,2.956669352766191
shift_shutin,mlp_nophys,4,dp_bh_MPa,all,2.966523808721631
shift_shutin,mlp_nophys,4,dp_bh_MPa,t<=5yr,2.2676884126442176
shift_shutin,mlp_nophys,4,dp_bh_MPa,t>5yr,3.5296056831583504
shift_shutin,mlp_nophys,4,r95_m,all,89.69136577558601
shift_shutin,mlp_nophys,4,r95_m,t<=5yr,65.74230278296858
shift_shutin,mlp_nophys,4,r95_m,t>5yr,108.47595039534065
shift_shutin,mlp_nophys,4,peak_dp_MPa,max,2.66605064424164
shift_openbc,mean,0,dp_bh_MPa,all,4.396282568369757
shift_openbc,mean,0,dp_bh_MPa,t<=5yr,3.4530494040980924
shift_openbc,mean,0,dp_bh_MPa,t>5yr,5.170207989506938
shift_openbc,mean,0,r95_m,all,168.13230568642223
shift_openbc,mean,0,r95_m,t<=5yr,141.6847563507092
shift_openbc,mean,0,r95_m,t>5yr,190.95123526362752
shift_openbc,mean,0,peak_dp_MPa,max,5.218762296693188
shift_openbc,ridge,0,dp_bh_MPa,all,5.774118208956636
shift_openbc,ridge,0,dp_bh_MPa,t<=5yr,4.565782832104584
shift_openbc,ridge,0,dp_bh_MPa,t>5yr,6.770118855091705
shift_openbc,ridge,0,r95_m,all,67.86071772985801
shift_openbc,ridge,0,r95_m,t<=5yr,54.042668553358524
shift_openbc,ridge,0,r95_m,t>5yr,79.30664535368247
shift_openbc,ridge,0,peak_dp_MPa,max,7.647182323027867
shift_openbc,xgb,0,dp_bh_MPa,all,5.470080487206018
shift_openbc,xgb,0,dp_bh_MPa,t<=5yr,4.193249639749051
shift_openbc,xgb,0,dp_bh_MPa,t>5yr,6.500785993383301
shift_openbc,xgb,0,r95_m,all,76.51896585272951
shift_openbc,xgb,0,r95_m,t<=5yr,60.51621028127831
shift_openbc,xgb,0,r95_m,t>5yr,89.71116186704121
shift_openbc,xgb,0,peak_dp_MPa,max,6.434794286053701
shift_openbc,xgb,1,dp_bh_MPa,all,5.478315887363503
shift_openbc,xgb,1,dp_bh_MPa,t<=5yr,4.209679545953776
shift_openbc,xgb,1,dp_bh_MPa,t>5yr,6.504036288633169
shift_openbc,xgb,1,r95_m,all,76.46777014672773
shift_openbc,xgb,1,r95_m,t<=5yr,60.81576346762998
shift_openbc,xgb,1,r95_m,t>5yr,89.42081780142055
shift_openbc,xgb,1,peak_dp_MPa,max,6.438563911621073
shift_openbc,xgb,2,dp_bh_MPa,all,5.47377467819494
shift_openbc,xgb,2,dp_bh_MPa,t<=5yr,4.200259065745778
shift_openbc,xgb,2,dp_bh_MPa,t>5yr,6.502479699000731
shift_openbc,xgb,2,r95_m,all,76.30304504796666
shift_openbc,xgb,2,r95_m,t<=5yr,60.61681834153331
shift_openbc,xgb,2,r95_m,t>5yr,89.27435634790996
shift_openbc,xgb,2,peak_dp_MPa,max,6.4405352163361
shift_openbc,xgb,3,dp_bh_MPa,all,5.467270605156272
shift_openbc,xgb,3,dp_bh_MPa,t<=5yr,4.190338818646863
shift_openbc,xgb,3,dp_bh_MPa,t>5yr,6.497934773830289
shift_openbc,xgb,3,r95_m,all,76.24858131384082
shift_openbc,xgb,3,r95_m,t<=5yr,60.73089828751432
shift_openbc,xgb,3,r95_m,t>5yr,89.10359306974316
shift_openbc,xgb,3,peak_dp_MPa,max,6.405363354091348
shift_openbc,xgb,4,dp_bh_MPa,all,5.474904222309048
shift_openbc,xgb,4,dp_bh_MPa,t<=5yr,4.203133745477919
shift_openbc,xgb,4,dp_bh_MPa,t>5yr,6.502524064126149
shift_openbc,xgb,4,r95_m,all,76.2144609039443
shift_openbc,xgb,4,r95_m,t<=5yr,60.60994369979686
shift_openbc,xgb,4,r95_m,t>5yr,89.12756490819864
shift_openbc,xgb,4,peak_dp_MPa,max,6.452337200331558
shift_openbc,xgb_nophys,0,dp_bh_MPa,all,3.570895461192986
shift_openbc,xgb_nophys,0,dp_bh_MPa,t<=5yr,3.489542535082031
shift_openbc,xgb_nophys,0,dp_bh_MPa,t>5yr,3.650435821294577
shift_openbc,xgb_nophys,0,r95_m,all,140.29833055634487
shift_openbc,xgb_nophys,0,r95_m,t<=5yr,89.6022963551989
shift_openbc,xgb_nophys,0,r95_m,t>5yr,177.0273188004324
shift_openbc,xgb_nophys,0,peak_dp_MPa,max,5.547296020261325
shift_openbc,xgb_nophys,1,dp_bh_MPa,all,3.4550987154280492
shift_openbc,xgb_nophys,1,dp_bh_MPa,t<=5yr,3.317807222585849
shift_openbc,xgb_nophys,1,dp_bh_MPa,t>5yr,3.5871394592993293
shift_openbc,xgb_nophys,1,r95_m,all,140.1262601773594
shift_openbc,xgb_nophys,1,r95_m,t<=5yr,89.7919530417408
shift_openbc,xgb_nophys,1,r95_m,t>5yr,176.65826544924482
shift_openbc,xgb_nophys,1,peak_dp_MPa,max,5.2137601583475774
shift_openbc,xgb_nophys,2,dp_bh_MPa,all,3.5313094495386466
shift_openbc,xgb_nophys,2,dp_bh_MPa,t<=5yr,3.455184541986347
shift_openbc,xgb_nophys,2,dp_bh_MPa,t>5yr,3.605827593995653
shift_openbc,xgb_nophys,2,r95_m,all,140.4270458774674
shift_openbc,xgb_nophys,2,r95_m,t<=5yr,89.98251601791236
shift_openbc,xgb_nophys,2,r95_m,t>5yr,177.03857556710858
shift_openbc,xgb_nophys,2,peak_dp_MPa,max,5.472668539910046
shift_openbc,xgb_nophys,3,dp_bh_MPa,all,3.513679690419618
shift_openbc,xgb_nophys,3,dp_bh_MPa,t<=5yr,3.398013248078126
shift_openbc,xgb_nophys,3,dp_bh_MPa,t>5yr,3.625657995401683
shift_openbc,xgb_nophys,3,r95_m,all,140.73523897059633
shift_openbc,xgb_nophys,3,r95_m,t<=5yr,89.98104059057906
shift_openbc,xgb_nophys,3,r95_m,t>5yr,177.52810287517374
shift_openbc,xgb_nophys,3,peak_dp_MPa,max,5.342534074753597
shift_openbc,xgb_nophys,4,dp_bh_MPa,all,3.510424897139115
shift_openbc,xgb_nophys,4,dp_bh_MPa,t<=5yr,3.3379073937062245
shift_openbc,xgb_nophys,4,dp_bh_MPa,t>5yr,3.6748523981174612
shift_openbc,xgb_nophys,4,r95_m,all,140.1385967741826
shift_openbc,xgb_nophys,4,r95_m,t<=5yr,90.52974877782462
shift_openbc,xgb_nophys,4,r95_m,t>5yr,176.3009279552942
shift_openbc,xgb_nophys,4,peak_dp_MPa,max,5.255278956602402
shift_openbc,lstm,0,dp_bh_MPa,all,5.359983885811922
shift_openbc,lstm,0,dp_bh_MPa,t<=5yr,4.193014715607847
shift_openbc,lstm,0,dp_bh_MPa,t>5yr,6.314862002215329
shift_openbc,lstm,0,r95_m,all,73.81319862391176
shift_openbc,lstm,0,r95_m,t<=5yr,58.12840463063092
shift_openbc,lstm,0,r95_m,t>5yr,86.705623562049
shift_openbc,lstm,0,peak_dp_MPa,max,6.48965201150701
shift_openbc,lstm,1,dp_bh_MPa,all,5.369798654727191
shift_openbc,lstm,1,dp_bh_MPa,t<=5yr,4.151672745046569
shift_openbc,lstm,1,dp_bh_MPa,t>5yr,6.358701801677555
shift_openbc,lstm,1,r95_m,all,70.48519283226312
shift_openbc,lstm,1,r95_m,t<=5yr,54.89930696641463
shift_openbc,lstm,1,r95_m,t>5yr,83.20090691699225
shift_openbc,lstm,1,peak_dp_MPa,max,6.38938150021332
shift_openbc,lstm,2,dp_bh_MPa,all,5.455291596183017
shift_openbc,lstm,2,dp_bh_MPa,t<=5yr,4.211140837242033
shift_openbc,lstm,2,dp_bh_MPa,t>5yr,6.4642637359317705
shift_openbc,lstm,2,r95_m,all,72.39233324809675
shift_openbc,lstm,2,r95_m,t<=5yr,58.03856868193788
shift_openbc,lstm,2,r95_m,t>5yr,84.33756204419814
shift_openbc,lstm,2,peak_dp_MPa,max,6.513807401521895
shift_openbc,lstm,3,dp_bh_MPa,all,5.524796092205803
shift_openbc,lstm,3,dp_bh_MPa,t<=5yr,4.330422981157334
shift_openbc,lstm,3,dp_bh_MPa,t>5yr,6.503397613952992
shift_openbc,lstm,3,r95_m,all,68.13308260561985
shift_openbc,lstm,3,r95_m,t<=5yr,53.93823366221763
shift_openbc,lstm,3,r95_m,t>5yr,79.84297614748868
shift_openbc,lstm,3,peak_dp_MPa,max,6.752916265727564
shift_openbc,lstm,4,dp_bh_MPa,all,5.486858387266517
shift_openbc,lstm,4,dp_bh_MPa,t<=5yr,4.299331891989961
shift_openbc,lstm,4,dp_bh_MPa,t>5yr,6.45964203391735
shift_openbc,lstm,4,r95_m,all,70.50885933645202
shift_openbc,lstm,4,r95_m,t<=5yr,56.46594032519233
shift_openbc,lstm,4,r95_m,t>5yr,82.1863496758858
shift_openbc,lstm,4,peak_dp_MPa,max,6.596571055510354
shift_openbc,mlp,0,dp_bh_MPa,all,5.558281533733011
shift_openbc,mlp,0,dp_bh_MPa,t<=5yr,4.355839259529274
shift_openbc,mlp,0,dp_bh_MPa,t>5yr,6.543366989678803
shift_openbc,mlp,0,r95_m,all,66.12936455914993
shift_openbc,mlp,0,r95_m,t<=5yr,52.484572861418464
shift_openbc,mlp,0,r95_m,t>5yr,77.40513759143101
shift_openbc,mlp,0,peak_dp_MPa,max,6.698141748108445
shift_openbc,mlp,1,dp_bh_MPa,all,5.466767387249895
shift_openbc,mlp,1,dp_bh_MPa,t<=5yr,4.253391751100121
shift_openbc,mlp,1,dp_bh_MPa,t>5yr,6.4559855904634365
shift_openbc,mlp,1,r95_m,all,68.34707478890193
shift_openbc,mlp,1,r95_m,t<=5yr,55.36666131230552
shift_openbc,mlp,1,r95_m,t>5yr,79.22864431206659
shift_openbc,mlp,1,peak_dp_MPa,max,6.5077000159649305
shift_openbc,mlp,2,dp_bh_MPa,all,5.602413347186229
shift_openbc,mlp,2,dp_bh_MPa,t<=5yr,4.318175378150756
shift_openbc,mlp,2,dp_bh_MPa,t>5yr,6.642848186508059
shift_openbc,mlp,2,r95_m,all,69.69692997744608
shift_openbc,mlp,2,r95_m,t<=5yr,54.89763814398911
shift_openbc,mlp,2,r95_m,t>5yr,81.86313836381838
shift_openbc,mlp,2,peak_dp_MPa,max,6.687233736689065
shift_openbc,mlp,3,dp_bh_MPa,all,5.643374331278241
shift_openbc,mlp,3,dp_bh_MPa,t<=5yr,4.473043874794161
shift_openbc,mlp,3,dp_bh_MPa,t>5yr,6.609631319523556
shift_openbc,mlp,3,r95_m,all,67.10748521592946
shift_openbc,mlp,3,r95_m,t<=5yr,51.652352100767956
shift_openbc,mlp,3,r95_m,t>5yr,79.61698101831465
shift_openbc,mlp,3,peak_dp_MPa,max,6.932166041637431
shift_openbc,mlp,4,dp_bh_MPa,all,5.624500125165166
shift_openbc,mlp,4,dp_bh_MPa,t<=5yr,4.375714061073125
shift_openbc,mlp,4,dp_bh_MPa,t>5yr,6.642524352359792
shift_openbc,mlp,4,r95_m,all,62.93518318596855
shift_openbc,mlp,4,r95_m,t<=5yr,48.93722432276977
shift_openbc,mlp,4,r95_m,t>5yr,74.3426031349841
shift_openbc,mlp,4,peak_dp_MPa,max,6.756512669157296
shift_openbc,lstm_h16,0,dp_bh_MPa,all,5.536717350637408
shift_openbc,lstm_h16,0,dp_bh_MPa,t<=5yr,4.23813426680715
shift_openbc,lstm_h16,0,dp_bh_MPa,t>5yr,6.583972659285098
shift_openbc,lstm_h16,0,r95_m,all,70.76150105017093
shift_openbc,lstm_h16,0,r95_m,t<=5yr,55.23042831094945
shift_openbc,lstm_h16,0,r95_m,t>5yr,83.45046345189319
shift_openbc,lstm_h16,0,peak_dp_MPa,max,6.5365356776011225
shift_openbc,lstm_h16,1,dp_bh_MPa,all,5.497290819962968
shift_openbc,lstm_h16,1,dp_bh_MPa,t<=5yr,4.265804861659167
shift_openbc,lstm_h16,1,dp_bh_MPa,t>5yr,6.4994862566777725
shift_openbc,lstm_h16,1,r95_m,all,69.37159180117456
shift_openbc,lstm_h16,1,r95_m,t<=5yr,55.76771831589741
shift_openbc,lstm_h16,1,r95_m,t>5yr,80.71429298393376
shift_openbc,lstm_h16,1,peak_dp_MPa,max,6.627853114723598
shift_openbc,lstm_h16,2,dp_bh_MPa,all,5.530695056077503
shift_openbc,lstm_h16,2,dp_bh_MPa,t<=5yr,4.295140614955829
shift_openbc,lstm_h16,2,dp_bh_MPa,t>5yr,6.536737925326143
shift_openbc,lstm_h16,2,r95_m,all,71.6983169004297
shift_openbc,lstm_h16,2,r95_m,t<=5yr,55.406274997525756
shift_openbc,lstm_h16,2,r95_m,t>5yr,84.92020951226768
shift_openbc,lstm_h16,2,peak_dp_MPa,max,6.573540476683197
shift_openbc,lstm_h16,3,dp_bh_MPa,all,5.668960035892674
shift_openbc,lstm_h16,3,dp_bh_MPa,t<=5yr,4.484276075738388
shift_openbc,lstm_h16,3,dp_bh_MPa,t>5yr,6.645711689026003
shift_openbc,lstm_h16,3,r95_m,all,69.58381357836778
shift_openbc,lstm_h16,3,r95_m,t<=5yr,54.144082761802785
shift_openbc,lstm_h16,3,r95_m,t>5yr,82.17196922370263
shift_openbc,lstm_h16,3,peak_dp_MPa,max,6.886946304959629
shift_openbc,lstm_h16,4,dp_bh_MPa,all,5.520591882064812
shift_openbc,lstm_h16,4,dp_bh_MPa,t<=5yr,4.223277225041049
shift_openbc,lstm_h16,4,dp_bh_MPa,t>5yr,6.566414465832123
shift_openbc,lstm_h16,4,r95_m,all,72.53938765460194
shift_openbc,lstm_h16,4,r95_m,t<=5yr,58.324541644671434
shift_openbc,lstm_h16,4,r95_m,t>5yr,84.39296987633638
shift_openbc,lstm_h16,4,peak_dp_MPa,max,6.592035070110284
shift_openbc,lstm_h128x2,0,dp_bh_MPa,all,5.461685102440917
shift_openbc,lstm_h128x2,0,dp_bh_MPa,t<=5yr,4.312221906389768
shift_openbc,lstm_h128x2,0,dp_bh_MPa,t>5yr,6.408178410945056
shift_openbc,lstm_h128x2,0,r95_m,all,69.75734179101083
shift_openbc,lstm_h128x2,0,r95_m,t<=5yr,52.89002311742741
shift_openbc,lstm_h128x2,0,r95_m,t>5yr,83.27556017304121
shift_openbc,lstm_h128x2,0,peak_dp_MPa,max,6.599972519687319
shift_openbc,lstm_h128x2,1,dp_bh_MPa,all,5.692180580039761
shift_openbc,lstm_h128x2,1,dp_bh_MPa,t<=5yr,4.426087531764502
shift_openbc,lstm_h128x2,1,dp_bh_MPa,t>5yr,6.723956325908311
shift_openbc,lstm_h128x2,1,r95_m,all,69.83476806512807
shift_openbc,lstm_h128x2,1,r95_m,t<=5yr,56.28611566293508
shift_openbc,lstm_h128x2,1,r95_m,t>5yr,81.1520969846076
shift_openbc,lstm_h128x2,1,peak_dp_MPa,max,6.888625284927228
shift_openbc,lstm_h128x2,2,dp_bh_MPa,all,5.568310160572202
shift_openbc,lstm_h128x2,2,dp_bh_MPa,t<=5yr,4.454779475088231
shift_openbc,lstm_h128x2,2,dp_bh_MPa,t>5yr,6.493619631376315
shift_openbc,lstm_h128x2,2,r95_m,all,73.75804170549658
shift_openbc,lstm_h128x2,2,r95_m,t<=5yr,56.7097619708236
shift_openbc,lstm_h128x2,2,r95_m,t>5yr,87.54713204709836
shift_openbc,lstm_h128x2,2,peak_dp_MPa,max,6.840320134638975
shift_openbc,lstm_h128x2,3,dp_bh_MPa,all,5.541454434581957
shift_openbc,lstm_h128x2,3,dp_bh_MPa,t<=5yr,4.304188315150797
shift_openbc,lstm_h128x2,3,dp_bh_MPa,t>5yr,6.54899972887581
shift_openbc,lstm_h128x2,3,r95_m,all,70.55658854013166
shift_openbc,lstm_h128x2,3,r95_m,t<=5yr,55.60105361060509
shift_openbc,lstm_h128x2,3,r95_m,t>5yr,82.85521836452725
shift_openbc,lstm_h128x2,3,peak_dp_MPa,max,6.6208096328468615
shift_openbc,lstm_h128x2,4,dp_bh_MPa,all,5.410859603855857
shift_openbc,lstm_h128x2,4,dp_bh_MPa,t<=5yr,4.2407804087286864
shift_openbc,lstm_h128x2,4,dp_bh_MPa,t>5yr,6.369504284496658
shift_openbc,lstm_h128x2,4,r95_m,all,68.67707257137724
shift_openbc,lstm_h128x2,4,r95_m,t<=5yr,52.40864068980087
shift_openbc,lstm_h128x2,4,r95_m,t>5yr,81.77050186342126
shift_openbc,lstm_h128x2,4,peak_dp_MPa,max,6.493576197237486
shift_openbc,lstm_nophys,0,dp_bh_MPa,all,5.565568759677643
shift_openbc,lstm_nophys,0,dp_bh_MPa,t<=5yr,4.423692472966463
shift_openbc,lstm_nophys,0,dp_bh_MPa,t>5yr,6.510150239588894
shift_openbc,lstm_nophys,0,r95_m,all,70.1390773808772
shift_openbc,lstm_nophys,0,r95_m,t<=5yr,55.16917790996154
shift_openbc,lstm_nophys,0,r95_m,t>5yr,82.43386537352455
shift_openbc,lstm_nophys,0,peak_dp_MPa,max,6.836005549123081
shift_openbc,lstm_nophys,1,dp_bh_MPa,all,5.511040560389645
shift_openbc,lstm_nophys,1,dp_bh_MPa,t<=5yr,4.32353033804536
shift_openbc,lstm_nophys,1,dp_bh_MPa,t>5yr,6.484614216167452
shift_openbc,lstm_nophys,1,r95_m,all,69.54460357840746
shift_openbc,lstm_nophys,1,r95_m,t<=5yr,54.65743200864276
shift_openbc,lstm_nophys,1,r95_m,t>5yr,81.76471671800913
shift_openbc,lstm_nophys,1,peak_dp_MPa,max,6.724771485405808
shift_openbc,lstm_nophys,2,dp_bh_MPa,all,5.60550753670788
shift_openbc,lstm_nophys,2,dp_bh_MPa,t<=5yr,4.326428330220942
shift_openbc,lstm_nophys,2,dp_bh_MPa,t>5yr,6.64269880332078
shift_openbc,lstm_nophys,2,r95_m,all,65.86538386928434
shift_openbc,lstm_nophys,2,r95_m,t<=5yr,53.608941811018994
shift_openbc,lstm_nophys,2,r95_m,t>5yr,76.1746607632692
shift_openbc,lstm_nophys,2,peak_dp_MPa,max,6.792688435075788
shift_openbc,lstm_nophys,3,dp_bh_MPa,all,5.544473511068326
shift_openbc,lstm_nophys,3,dp_bh_MPa,t<=5yr,4.3115354362302085
shift_openbc,lstm_nophys,3,dp_bh_MPa,t>5yr,6.549277457247314
shift_openbc,lstm_nophys,3,r95_m,all,66.12336427845415
shift_openbc,lstm_nophys,3,r95_m,t<=5yr,51.916684240804784
shift_openbc,lstm_nophys,3,r95_m,t>5yr,77.77696641321815
shift_openbc,lstm_nophys,3,peak_dp_MPa,max,6.699041857819072
shift_openbc,lstm_nophys,4,dp_bh_MPa,all,5.434378822152216
shift_openbc,lstm_nophys,4,dp_bh_MPa,t<=5yr,4.239729771572408
shift_openbc,lstm_nophys,4,dp_bh_MPa,t>5yr,6.410119954365564
shift_openbc,lstm_nophys,4,r95_m,all,71.00499527155574
shift_openbc,lstm_nophys,4,r95_m,t<=5yr,56.999626599518535
shift_openbc,lstm_nophys,4,r95_m,t>5yr,82.67080061631655
shift_openbc,lstm_nophys,4,peak_dp_MPa,max,6.527503616860817
shift_openbc,mlp_nophys,0,dp_bh_MPa,all,3.2277300403144182
shift_openbc,mlp_nophys,0,dp_bh_MPa,t<=5yr,3.194193817926155
shift_openbc,mlp_nophys,0,dp_bh_MPa,t>5yr,3.2609213851024634
shift_openbc,mlp_nophys,0,r95_m,all,148.10790023336156
shift_openbc,mlp_nophys,0,r95_m,t<=5yr,99.87080977527022
shift_openbc,mlp_nophys,0,r95_m,t>5yr,184.11333894615714
shift_openbc,mlp_nophys,0,peak_dp_MPa,max,5.429499132677729
shift_openbc,mlp_nophys,1,dp_bh_MPa,all,3.801049292692817
shift_openbc,mlp_nophys,1,dp_bh_MPa,t<=5yr,4.091334007666662
shift_openbc,mlp_nophys,1,dp_bh_MPa,t>5yr,3.4866800095035075
shift_openbc,mlp_nophys,1,r95_m,all,140.40248217603622
shift_openbc,mlp_nophys,1,r95_m,t<=5yr,88.80483634029487
shift_openbc,mlp_nophys,1,r95_m,t>5yr,177.59339808944978
shift_openbc,mlp_nophys,1,peak_dp_MPa,max,7.271346087458771
shift_openbc,mlp_nophys,2,dp_bh_MPa,all,3.8427112507553614
shift_openbc,mlp_nophys,2,dp_bh_MPa,t<=5yr,3.92178634089911
shift_openbc,mlp_nophys,2,dp_bh_MPa,t>5yr,3.7619744031161133
shift_openbc,mlp_nophys,2,r95_m,all,142.5649084360001
shift_openbc,mlp_nophys,2,r95_m,t<=5yr,91.71699373022166
shift_openbc,mlp_nophys,2,r95_m,t>5yr,179.5480417487773
shift_openbc,mlp_nophys,2,peak_dp_MPa,max,7.092918900054231
shift_openbc,mlp_nophys,3,dp_bh_MPa,all,3.3948709948016558
shift_openbc,mlp_nophys,3,dp_bh_MPa,t<=5yr,3.0827048628273825
shift_openbc,mlp_nophys,3,dp_bh_MPa,t>5yr,3.6806560381800923
shift_openbc,mlp_nophys,3,r95_m,all,140.96070289315173
shift_openbc,mlp_nophys,3,r95_m,t<=5yr,91.9943590952848
shift_openbc,mlp_nophys,3,r95_m,t>5yr,176.85269976709594
shift_openbc,mlp_nophys,3,peak_dp_MPa,max,5.329267416721864
shift_openbc,mlp_nophys,4,dp_bh_MPa,all,3.2841847277886056
shift_openbc,mlp_nophys,4,dp_bh_MPa,t<=5yr,3.229937944913751
shift_openbc,mlp_nophys,4,dp_bh_MPa,t>5yr,3.3375499283885133
shift_openbc,mlp_nophys,4,r95_m,all,145.652813878802
shift_openbc,mlp_nophys,4,r95_m,t<=5yr,95.06454612935903
shift_openbc,mlp_nophys,4,r95_m,t>5yr,182.735372741144
shift_openbc,mlp_nophys,4,peak_dp_MPa,max,5.515715248642827
